"ID","yr","ewe_age_z","age_class","prim","mass_gain","repro_tp1","frs","wean_tp1","birthdate_tp1","mismatch_tp1","pred","first_pregnant","birthdate_z","median_bdate_z","greenup_date_z","mass_fall_tm1_z","mass_fall_z","mass_spring_z","greenup_mismatch_z","code_sr","wean_mass_z"
1,2000,1.637,"senescent","FALSE",14.885,"yes","neoDeath","no",160,2,"1","0",-0.604,1.341,2.11,0.43,0.333,0.42,-1.765,"5",1.796
1,2001,1.923,"senescent","FALSE",11.774,NA,NA,NA,NA,NA,"1","1",0.386,1.196,1.041,0.346,0.736,1.161,-0.352,"1",NA
2,2000,-0.078,"adult","FALSE",15.946,"yes","weaned","yes",197,39,"1","0",0.386,1.341,2.11,-1.403,-1.274,-1.177,-1.004,"5",NA
2,2001,0.208,"adult","FALSE",9.973,NA,NA,NA,NA,NA,"1","1",3.004,1.196,1.041,-1.234,-1.32,-0.503,1.659,"3",NA
4,2000,-0.078,"adult","FALSE",15.868,NA,"human",NA,NA,NA,"1","0",NA,1.341,2.11,-0.098,0.425,0.386,NA,"8",NA
4,2001,0.208,"adult","FALSE",12.614,NA,"human",NA,NA,NA,"1","0",NA,1.196,1.041,0.437,0.304,0.666,NA,"8",NA
4,2002,0.494,"adult","FALSE",14.844,NA,"human",NA,NA,NA,"1","0",NA,0.034,1.041,0.318,0.126,0.235,NA,"8",NA
4,2003,0.78,"adult","FALSE",13.904,NA,"human",NA,NA,NA,"0","0",NA,1.341,0.507,0.142,0.263,0.474,NA,"8",NA
4,2004,1.066,"adult","FALSE",13.535,NA,"human",NA,NA,NA,"0","0",NA,1.051,-0.028,0.277,0.69,0.908,NA,"8",NA
4,2005,1.351,"adult","FALSE",14.063,NA,NA,NA,NA,NA,"0","0",NA,-0.474,-0.384,0.697,0.787,0.934,NA,"8",NA
9,2000,1.637,"senescent","FALSE",14.392,"no","noLamb",NA,NA,NA,"1","0",NA,1.341,2.11,0.112,0.34,0.485,NA,"1",NA
10,2000,1.637,"senescent","FALSE",21.413,"yes","notWeaned","no",150,-8,"1","0",-0.038,1.341,2.11,-0.168,0.319,-0.376,-1.33,"3",0.608
10,2001,1.923,"senescent","FALSE",13.581,"yes","weaned","yes",146,-12,"1","0",-0.321,1.196,1.041,0.332,0.166,0.423,-0.896,"2",NA
10,2002,2.209,"senescent","FALSE",17.505,NA,NA,NA,NA,NA,"1","0",-0.604,0.034,1.041,0.182,-0.27,-0.446,-1.113,"3",0.126
11,2000,1.351,"adult","FALSE",17.077,NA,NA,NA,NA,NA,"1","0",-0.321,1.341,2.11,0.704,0.73,0.52,-1.548,"2",NA
12,2000,0.78,"adult","FALSE",18.019,"yes","notWeaned","no",NA,NA,"1","1",NA,1.341,2.11,0.669,0.493,0.19,NA,"1",NA
12,2001,1.066,"adult","FALSE",10.471,NA,NA,NA,NA,NA,"1","1",0.457,1.196,1.041,0.503,0.073,0.711,-0.298,"2",0.896
13,2000,1.923,"senescent","FALSE",10.279,"yes","neoDeath","no",NA,NA,"1","1",1.447,1.341,2.11,-1.151,-0.488,0.221,-0.189,"5",NA
13,2001,2.209,"senescent","FALSE",12.625,NA,NA,NA,NA,NA,"1","0",NA,1.196,1.041,-0.462,-0.919,-0.455,NA,"1",NA
14,2000,1.637,"senescent","FALSE",19.636,"yes","weaned","yes",167,9,"1","0",-0.038,1.341,2.11,-0.27,0.144,-0.323,-1.33,"5",-0.285
14,2001,1.923,"senescent","FALSE",9.436,NA,NA,NA,NA,NA,"1","1",0.881,1.196,1.041,0.16,-0.255,0.535,0.028,"3",-0.072
15,2000,0.78,"adult","FALSE",20.601,NA,NA,NA,NA,NA,"1","0",NA,1.341,2.11,-0.23,-0.397,-0.933,NA,"1",NA
17,2000,1.637,"senescent","FALSE",19.913,NA,NA,NA,NA,NA,"1","0",-0.038,1.341,2.11,-0.101,0.187,-0.317,-1.33,"2",NA
18,2000,0.78,"adult","FALSE",17.116,"yes","weaned","yes",NA,NA,"1","0",NA,1.341,2.11,0.525,-0.665,-0.761,NA,"1",NA
18,2001,1.066,"adult","FALSE",7.962,NA,NA,NA,NA,NA,"1","1",0.528,1.196,1.041,-0.636,-0.692,0.312,-0.243,"3",0.536
19,2000,1.637,"senescent","FALSE",14.812,"yes","weaned","yes",NA,NA,"1","0",NA,1.341,2.11,-1.012,-0.314,-0.164,NA,"1",NA
19,2001,1.923,"senescent","FALSE",11.134,NA,NA,NA,NA,NA,"1","0",0.528,1.196,1.041,-0.291,-0.397,0.202,-0.243,"5",-0.261
21,2000,1.351,"adult","FALSE",13.556,"yes","notWeaned","no",190,32,"1","1",1.377,1.341,2.11,0.189,0.78,0.988,-0.243,"3",-1.858
21,2001,1.637,"senescent","FALSE",7,NA,NA,NA,NA,NA,"1","1",2.509,1.196,1.041,0.786,0.668,1.671,1.278,"2",NA
22,2000,0.78,"adult","FALSE",17.223,"yes","weaned","yes",NA,NA,"1","0",NA,1.341,2.11,-0.691,0.138,-0.039,NA,"1",NA
22,2001,1.066,"adult","FALSE",12.23,"yes","weaned","yes",145,-13,"1","0",-0.038,1.196,1.041,0.154,-0.454,0.018,-0.678,"3",-0.045
22,2002,1.351,"adult","FALSE",18.122,NA,NA,NA,NA,NA,"1","0",-0.675,0.034,1.041,-0.428,-0.499,-0.729,-1.167,"5",0.381
23,2000,1.351,"adult","FALSE",11.434,"yes","neoDeath","no",162,4,"1","1",2.438,1.341,2.11,-0.188,0.181,0.695,0.572,"3",NA
23,2001,1.637,"senescent","FALSE",13.861,"yes","neoDeath","no",NA,NA,"1","1",0.528,1.196,1.041,0.197,0.254,0.47,-0.243,"1",NA
23,2002,1.923,"senescent","FALSE",16.959,"yes","weaned","yes",NA,NA,"1","1",NA,0.034,1.041,0.268,0.171,0.023,NA,"1",NA
23,2003,2.209,"senescent","FALSE",13.545,"yes","neoDeath","no",NA,NA,"0","1",1.306,1.341,0.507,0.187,-0.056,0.225,0.681,"5",-1.6
23,2004,2.495,"senescent","FALSE",13.255,NA,NA,NA,NA,NA,"0","1",NA,1.051,-0.028,-0.036,0.221,0.512,NA,"1",NA
25,2000,1.637,"senescent","FALSE",16.382,NA,NA,NA,NA,NA,"1","0",0.528,1.341,2.11,0.057,0.334,0.241,-0.896,"2",NA
27,2000,1.066,"adult","FALSE",9.047,NA,NA,NA,NA,NA,"1","1",1.377,1.341,2.11,-0.635,-0.808,0.076,-0.243,"5",-1.392
28,2000,1.637,"senescent","FALSE",14.227,"yes","neoDeath","no",NA,NA,"1","0",NA,1.341,2.11,0.82,0.876,0.995,NA,"1",NA
28,2001,1.923,"senescent","FALSE",11.109,NA,NA,NA,NA,NA,"1","1",0.386,1.196,1.041,0.879,0.727,1.232,-0.352,"1",NA
29,2001,-0.078,"prim","TRUE",10.435,NA,NA,NA,NA,NA,"1","1",2.509,1.196,1.041,0.195,-0.132,0.528,1.278,"3",-3.55
30,2000,-0.363,"adult","FALSE",13.603,"yes","weaned","yes",154,-4,"1","1",1.377,1.341,2.11,-0.493,-0.123,0.157,-0.243,"3",-1.215
30,2001,-0.078,"adult","FALSE",9.693,"yes","neoDeath","no",NA,NA,"1","1",-0.038,1.196,1.041,-0.102,-0.036,0.705,-0.678,"5",-0.427
30,2002,0.208,"adult","FALSE",19.628,NA,NA,NA,NA,NA,"1","0",NA,0.034,1.041,-0.017,0.224,-0.249,NA,"1",NA
31,2000,-0.363,"adult","FALSE",18.78,"yes","weaned","yes",NA,NA,"1","1",NA,1.341,2.11,-0.524,0.497,0.102,NA,"1",NA
31,2001,-0.078,"adult","FALSE",11.679,"yes","weaned","yes",146,-12,"1","0",-0.392,1.196,1.041,0.507,0.133,0.621,-0.95,"3",NA
31,2002,0.208,"adult","FALSE",15.719,"yes","neoDeath","no",NA,NA,"1","0",-0.604,0.034,1.041,0.149,-0.169,-0.139,-1.113,"5",-0.228
31,2003,0.494,"adult","FALSE",13.188,"yes","weaned","yes",NA,NA,"0","1",NA,1.341,0.507,-0.147,0.162,0.467,NA,"1",NA
31,2004,0.78,"adult","FALSE",15.057,NA,NA,NA,NA,NA,"0","0",0.032,1.051,-0.028,0.178,0.763,0.792,0.028,"5",0.843
32,2000,-0.363,"prim","TRUE",5.406,"yes","neoDeath","no",NA,NA,"1","1",1.589,1.341,2.11,-0.709,-0.86,0.465,-0.08,"5",NA
32,2001,-0.078,"adult","FALSE",11.915,"yes","notWeaned","no",NA,NA,"1","0",NA,1.196,1.041,-0.827,-0.195,0.292,NA,"1",NA
32,2002,0.208,"adult","FALSE",7.338,"yes","notWeaned","no",163,11,"1","1",2.084,0.034,1.041,-0.174,-0.766,0.319,0.952,"2",NA
32,2003,0.494,"adult","FALSE",12.627,"yes","weaned","yes",160,14,"0","1",0.598,1.341,0.507,-0.735,-0.416,0.005,0.137,"2",NA
32,2004,0.78,"adult","FALSE",9.269,"yes","notWeaned","no",172,30,"0","1",0.386,1.051,-0.028,-0.391,-0.106,0.692,0.3,"3",-0.155
32,2005,1.066,"adult","FALSE",9.268,"yes","neoDeath","no",NA,NA,"0","1",1.235,-0.474,-0.384,-0.085,-0.005,0.784,1.17,"2",-0.526
32,2006,1.351,"adult","FALSE",9.16,"yes","weaned","yes",NA,NA,"0","1",NA,-0.619,-1.097,0.014,0.019,0.819,NA,"1",NA
32,2007,1.637,"senescent","FALSE",11.855,"yes","neoDeath","no",NA,NA,"0","0",-0.746,-1.127,0.507,0.037,-0.215,0.282,-0.896,"5",-1.57
32,2008,1.923,"senescent","FALSE",27.23,"yes","neoDeath","no",NA,NA,"0","0",NA,-0.692,1.219,-0.193,-0.205,-1.552,NA,"1",NA
32,2009,2.209,"senescent","FALSE",19.187,"yes","weaned","yes",NA,NA,"0","1",NA,-1.781,-0.028,-0.183,0.242,-0.179,NA,"1",NA
32,2010,2.495,"senescent","FALSE",19.129,NA,NA,NA,NA,NA,"0","0",-0.463,-1.272,0.328,0.256,0.179,-0.23,-0.57,"3",-0.014
33,2000,-0.363,"adult","FALSE",18.794,"yes","notWeaned","no",150,-8,"1","0",-0.251,1.341,2.11,0.383,0.904,0.473,-1.493,"5",0.593
33,2001,-0.078,"adult","FALSE",12.435,"yes","weaned","yes",163,5,"1","0",-0.321,1.196,1.041,0.907,0.531,0.894,-0.896,"2",NA
33,2002,0.208,"adult","FALSE",12.714,"yes","notWeaned","no",170,18,"1","1",0.598,0.034,1.041,0.54,0.688,1.004,-0.189,"3",-0.022
33,2003,0.494,"adult","FALSE",12.35,"yes","notWeaned","no",154,8,"0","1",1.094,1.341,0.507,0.694,0.909,1.25,0.517,"2",NA
33,2004,0.78,"adult","FALSE",17.306,"yes","weaned","yes",148,6,"0","0",-0.038,1.051,-0.028,0.912,1.606,1.293,-0.026,"2",0.684
33,2005,1.066,"adult","FALSE",18.649,"yes","weaned","yes",148,14,"0","0",-0.463,-0.474,-0.384,1.597,1.719,1.236,-0.135,"5",0.278
33,2006,1.351,"adult","FALSE",14.911,"yes","weaned","yes",147,-5,"0","0",-0.463,-0.619,-1.097,1.709,1.127,1.143,0.3,"5",0.995
33,2007,1.637,"senescent","FALSE",12.057,"yes","weaned","yes",155,-5,"0","0",-0.533,-1.127,0.507,1.127,0.383,0.805,-0.733,"5",-0.161
33,2008,1.923,"senescent","FALSE",27.056,"yes","weaned","yes",163,17,"0","0",0.032,-0.692,1.219,0.395,1.799,0.301,-0.733,"5",-0.191
33,2009,2.209,"senescent","FALSE",15.106,"yes","weaned","yes",144,-6,"0","1",0.598,-1.781,-0.028,1.787,1.283,1.262,0.463,"5",0.873
33,2010,2.495,"senescent","FALSE",25.637,"yes","neoDeath","no",NA,NA,"0","0",-0.746,-1.272,0.328,1.28,1.517,0.213,-0.787,"5",-0.326
33,2011,2.78,"senescent","FALSE",15.229,"yes","weaned","yes",NA,NA,"0","1",NA,-0.692,0.418,1.509,1.35,1.309,NA,"1",NA
33,2012,3.066,"senescent","FALSE",NA,NA,NA,NA,NA,NA,"0","1",NA,-0.401,-0.028,1.346,NA,NA,NA,"3",NA
34,2000,-0.363,"adult","FALSE",8.445,"yes","notWeaned","no",161,3,"1","1",0.598,1.341,2.11,-0.324,-0.328,0.588,-0.841,"5",0.156
34,2001,-0.078,"adult","FALSE",10.107,"yes","neoDeath","no",NA,NA,"1","1",0.457,1.196,1.041,-0.304,-0.053,0.639,-0.298,"2",0.826
34,2002,0.208,"adult","FALSE",22.115,"yes","weaned","yes",NA,NA,"1","1",NA,0.034,1.041,-0.034,0.283,-0.493,NA,"1",NA
34,2003,0.494,"adult","FALSE",10.919,"yes","weaned","yes",160,14,"0","1",0.528,1.341,0.507,0.296,0.286,0.852,0.083,"3",0.224
34,2004,0.78,"adult","FALSE",11.086,"yes","neoDeath","no",NA,NA,"0","1",0.386,1.051,-0.028,0.3,0.695,1.206,0.3,"5",NA
34,2005,1.066,"adult","FALSE",16.298,"yes","weaned","yes",NA,NA,"0","0",NA,-0.474,-0.384,0.702,1.14,0.988,NA,"1",NA
34,2006,1.351,"adult","FALSE",11.832,"yes","weaned","yes",152,0,"0","0",-0.463,-0.619,-1.097,1.139,0.732,1.151,0.3,"5",1.605
34,2007,1.637,"senescent","FALSE",9.776,"yes","weaned","yes",148,-12,"0","1",-0.18,-1.127,0.507,0.738,0.312,1.013,-0.461,"3",-1.326
34,2008,1.923,"senescent","FALSE",20.124,"yes","notWeaned","no",138,-8,"0","0",-0.463,-0.692,1.219,0.326,0.732,0.156,-1.113,"5",0.151
34,2009,2.209,"senescent","FALSE",NA,NA,NA,NA,NA,NA,"0",NA,-1.17,-1.781,-0.028,0.738,NA,NA,-0.896,"2",NA
35,2002,-0.078,"prim","TRUE",14.571,"no","noLamb",NA,NA,NA,"1","0",NA,0.034,1.041,-0.864,-1.613,-1.322,NA,"1",NA
36,2001,-0.363,"prim","TRUE",8.997,"yes","neoDeath","no",NA,NA,"1","1",0.457,1.196,1.041,0.046,0.069,0.884,-0.298,"3",0.541
36,2002,-0.078,"adult","FALSE",20.418,"yes","weaned","yes",NA,NA,"1","1",NA,0.034,1.041,0.086,0.294,-0.28,NA,"1",NA
36,2003,0.208,"adult","FALSE",12.415,NA,NA,NA,NA,NA,"0","1",0.245,1.341,0.507,0.307,0.397,0.774,-0.135,"5",NA
37,2001,-0.649,"prim","TRUE",12.24,"yes","neoDeath","no",NA,NA,"1","0",-0.463,1.196,1.041,-1.031,-0.844,-0.34,-1.004,"5",-0.748
37,2002,-0.363,"adult","FALSE",20.86,"yes","weaned","yes",NA,NA,"1","1",NA,0.034,1.041,-0.812,-0.756,-1.292,NA,"1",NA
37,2003,-0.078,"adult","FALSE",15.618,"yes","weaned","yes",161,15,"0","0",0.315,1.341,0.507,-0.725,-0.591,-0.513,-0.08,"3",-0.978
37,2004,0.208,"adult","FALSE",12.928,"yes","weaned","yes",157,15,"0","1",0.457,1.051,-0.028,-0.562,-0.313,0.064,0.354,"3",-0.149
37,2005,0.494,"adult","FALSE",15.635,"yes","weaned","yes",184,50,"0","0",0.174,-0.474,-0.384,-0.289,-0.081,-0.049,0.354,"3",-0.387
37,2006,0.78,"adult","FALSE",13.147,"yes","notWeaned","no",149,-3,"0","1",2.084,-0.619,-1.097,-0.061,0.235,0.539,2.257,"5",-1.391
37,2007,1.066,"adult","FALSE",12.021,"yes","notWeaned","no",146,-14,"0","0",-0.392,-1.127,0.507,0.25,-0.791,-0.265,-0.624,"2",-2.133
37,2008,1.351,"adult","FALSE",20.847,NA,NA,NA,NA,NA,"0","0",-0.604,-0.692,1.219,-0.759,0.008,-0.593,-1.222,"2",NA
38,2002,-0.363,"prim","TRUE",23.147,"no","noLamb",NA,NA,NA,"1","0",NA,0.034,1.041,-0.819,-0.796,-1.603,NA,"1",NA
38,2004,0.208,"adult","FALSE",12.883,"yes","weaned","yes",161,19,"0","0",0.245,1.051,-0.028,-0.176,-0.761,-0.341,0.191,"3",NA
38,2005,0.494,"adult","FALSE",11.312,NA,NA,NA,NA,NA,"0","1",0.457,-0.474,-0.384,-0.73,-0.376,0.199,0.572,"3",-0.935
39,2002,-0.649,"prim","TRUE",24.458,"yes","weaned","yes",NA,NA,"1","1",NA,0.034,1.041,-0.944,-0.52,-1.508,NA,"1",NA
39,2003,-0.363,"adult","FALSE",14.551,"yes","weaned","yes",200,54,"0","1",0.74,1.341,0.507,-0.493,-0.302,-0.122,0.246,"5",-0.912
39,2005,0.208,"adult","FALSE",16.46,"yes","weaned","yes",153,19,"0","0",-0.463,-0.474,-0.384,0.202,0.354,0.25,-0.135,"3",0.314
39,2006,0.494,"adult","FALSE",10.089,"yes","weaned","yes",146,-6,"0","1",-0.109,-0.619,-1.097,0.366,-0.047,0.647,0.572,"3",0.094
39,2007,0.78,"adult","FALSE",11.688,"yes","weaned","yes",149,-11,"0","0",-0.604,-1.127,0.507,-0.028,-0.484,0.056,-0.787,"3",-0.513
39,2008,1.066,"adult","FALSE",21.427,"yes","weaned","yes",144,-2,"0","0",-0.392,-0.692,1.219,-0.458,0.497,-0.215,-1.059,"5",0.291
39,2009,1.351,"adult","FALSE",21.873,NA,NA,NA,NA,NA,"0","0",-0.746,-1.781,-0.028,0.507,0.32,-0.43,-0.57,"3",0.39
40,2005,0.208,"prim","TRUE",12.969,"yes","weaned","yes",154,20,"0","0",-0.251,-0.474,-0.384,-0.205,0.055,0.395,0.028,"2",NA
40,2006,0.494,"adult","FALSE",11.625,NA,NA,NA,NA,NA,"0","0",-0.038,-0.619,-1.097,0.072,0.026,0.529,0.626,"5",-0.748
41,2003,-0.649,"prim","TRUE",13.464,"yes","weaned","yes",160,14,"0","1",0.457,1.341,0.507,0.163,0.345,0.601,0.028,"5",-0.861
41,2004,-0.363,"adult","FALSE",9.773,"yes","weaned","yes",144,2,"0","1",0.386,1.051,-0.028,0.358,0.667,1.338,0.3,"5",NA
41,2005,-0.078,"adult","FALSE",14.647,"yes","neoDeath","no",NA,NA,"0","0",-0.746,-0.474,-0.384,0.674,0.951,1.013,-0.352,"3",1.45
41,2006,0.208,"adult","FALSE",14.785,"yes","weaned","yes",NA,NA,"0","0",NA,-0.619,-1.097,0.953,1.264,1.283,NA,"1",NA
41,2007,0.494,"adult","FALSE",12.956,"yes","notWeaned","no",145,-15,"0","0",-0.746,-1.127,0.507,1.261,0.87,1.142,-0.896,"5",1.005
41,2008,0.78,"adult","FALSE",21.027,"yes","weaned","yes",138,-8,"0","0",-0.675,-0.692,1.219,0.874,1.709,0.941,-1.276,"2",NA
41,2009,1.066,"adult","FALSE",17.022,"yes","weaned","yes",144,-6,"0","0",-1.17,-1.781,-0.028,1.698,1.319,1.065,-0.896,"5",NA
41,2010,1.351,"adult","FALSE",20.417,"yes","weaned","yes",138,-13,"0","0",-0.746,-1.272,0.328,1.315,1.566,0.883,-0.787,"5",2.058
41,2011,1.637,"senescent","FALSE",15.832,"yes","weaned","yes",145,-1,"0","0",-1.17,-0.692,0.418,1.558,1.416,1.296,-1.167,"3",1.286
41,2012,1.923,"senescent","FALSE",15.116,NA,NA,NA,NA,NA,"0","0",-0.675,-0.401,-0.028,1.41,1.162,1.15,-0.515,"3",0.761
42,2002,-0.935,"prim","TRUE",19.818,"yes","weaned","yes",161,9,"1","0",-0.109,0.034,1.041,-1.438,-0.98,-1.373,-0.733,"2",NA
42,2003,-0.649,"adult","FALSE",14.705,"yes","weaned","yes",163,17,"0","1",0.457,1.341,0.507,-0.945,-0.454,-0.278,0.028,"3",-1.667
42,2004,-0.363,"adult","FALSE",12.492,"yes","weaned","yes",148,6,"0","1",0.598,1.051,-0.028,-0.427,0.14,0.53,0.463,"5",-0.748
42,2005,-0.078,"adult","FALSE",16.37,"yes","weaned","yes",146,12,"0","0",-0.463,-0.474,-0.384,0.156,0.327,0.236,-0.135,"3",-0.852
42,2006,0.208,"adult","FALSE",16.822,"yes","weaned","yes",144,-8,"0","0",-0.604,-0.619,-1.097,0.34,0.532,0.37,0.191,"3",0.318
42,2007,0.494,"adult","FALSE",10.015,"yes","neoDeath","no",NA,NA,"0","0",-0.746,-1.127,0.507,0.542,-0.217,0.501,-0.896,"5",-1.5
42,2008,0.78,"adult","FALSE",27.827,NA,NA,NA,NA,NA,"0","0",NA,-0.692,1.219,-0.195,1.232,-0.31,NA,"1",NA
43,2002,-0.935,"prim","TRUE",12.902,"yes","neoDeath","no",NA,NA,"1","1",1.66,0.034,1.041,-2.213,-1.78,-1.275,0.626,"3",-1.645
43,2003,-0.649,"adult","FALSE",16.465,"yes","neoDeath","no",NA,NA,"0","1",NA,1.341,0.507,-1.731,-1.021,-1.008,NA,"1",NA
43,2004,-0.363,"adult","FALSE",13.255,"yes","neoDeath","no",NA,NA,"0","1",NA,1.051,-0.028,-0.986,0.219,0.511,NA,"1",NA
43,2005,-0.078,"adult","FALSE",14.259,NA,NA,NA,NA,NA,"0","0",NA,-0.474,-0.384,0.234,0.632,0.768,NA,"1",NA
44,2004,-0.649,"prim","TRUE",15.431,"yes","neoDeath","no",NA,NA,"0","0",NA,1.051,-0.028,-0.335,0.578,0.578,NA,"2",NA
44,2005,-0.363,"adult","FALSE",14.17,"yes","weaned","yes",NA,NA,"0","0",NA,-0.474,-0.384,0.587,1.309,1.398,NA,"1",NA
44,2006,-0.078,"adult","FALSE",8.189,"yes","weaned","yes",145,-7,"0","0",-0.533,-0.619,-1.097,1.305,1.059,1.886,0.246,"5",1.956
44,2007,0.208,"adult","FALSE",13.743,"yes","weaned","yes",143,-17,"0","0",-0.675,-1.127,0.507,1.059,1.311,1.451,-0.841,"3",0.856
44,2008,0.494,"adult","FALSE",20.232,"yes","weaned","yes",137,-9,"0","0",-0.816,-0.692,1.219,1.308,1.791,1.111,-1.385,"5",1.653
44,2009,0.78,"adult","FALSE",18.989,"yes","weaned","yes",141,-9,"0","0",-1.241,-1.781,-0.028,1.779,1.614,1.099,-0.95,"5",1.323
44,2010,1.066,"adult","FALSE",19.986,"yes","weaned","yes",145,-6,"0","0",-0.958,-1.272,0.328,1.606,1.869,1.213,-0.95,"5",2.002
44,2011,1.351,"adult","FALSE",16.928,"yes","weaned","yes",164,18,"0","0",-0.675,-0.692,0.418,1.856,1.463,1.208,-0.787,"5",0.175
44,2012,1.637,"senescent","FALSE",13.352,NA,NA,NA,NA,NA,"0","1",0.669,-0.401,-0.028,1.456,0.524,0.778,0.517,"3",-0.733
45,2004,-0.649,"prim","TRUE",10.482,NA,NA,NA,NA,NA,"0","1",1.589,1.051,-0.028,-1.078,-0.592,0.101,1.224,"3",NA
46,2004,-0.935,"prim","TRUE",14.226,"yes","weaned","yes",148,6,"0","1",0.315,1.051,-0.028,-0.855,0.698,0.832,0.246,"2",NA
46,2005,-0.649,"adult","FALSE",17.354,"yes","weaned","yes",150,16,"0","0",-0.463,-0.474,-0.384,0.704,1.045,0.774,-0.135,"3",0.41
46,2006,-0.363,"adult","FALSE",15.449,"yes","weaned","yes",145,-7,"0","0",-0.321,-0.619,-1.097,1.045,1.412,1.339,0.409,"5",0.867
46,2007,-0.078,"adult","FALSE",14.625,"yes","weaned","yes",152,-8,"0","0",-0.675,-1.127,0.507,1.406,1.388,1.416,-0.841,"5",1.046
46,2008,0.208,"adult","FALSE",28.445,"yes","weaned","yes",140,-6,"0","0",-0.18,-0.692,1.219,1.383,1.957,0.279,-0.896,"5",0.326
46,2009,0.494,"adult","FALSE",22.97,"yes","weaned","yes",150,0,"0","0",-1.029,-1.781,-0.028,1.942,1.977,0.954,-0.787,"5",1.785
46,2010,0.78,"adult","FALSE",19.049,"yes","weaned","yes",139,-12,"0","0",-0.321,-1.272,0.328,1.962,1.832,1.291,-0.461,"5",2.267
46,2011,1.066,"adult","FALSE",19.537,"yes","weaned","yes",153,7,"0","0",-1.099,-0.692,0.418,1.82,1.829,1.23,-1.113,"3",NA
46,2012,1.351,"adult","FALSE",15.238,"yes","weaned","yes",150,4,"0","0",-0.109,-0.401,-0.028,1.816,1.476,1.423,-0.08,"3",1.038
46,2013,1.637,"senescent","FALSE",12.48,"no","noLamb",NA,NA,NA,"1","1",-0.321,0.47,-0.028,1.47,1.147,1.452,-0.243,"3",0.931
46,2015,2.209,"senescent","FALSE",8.528,NA,NA,NA,NA,NA,"0","1",2.155,-0.764,-0.829,1.456,1.905,2.62,2.148,"5",-0.789
47,2005,-0.649,"prim","TRUE",14.606,"yes","weaned","yes",NA,NA,"0","0",NA,-0.474,-0.384,-0.08,0.523,0.627,NA,"1",NA
47,2006,-0.363,"adult","FALSE",14.413,"yes","weaned","yes",163,11,"0","0",-0.604,-0.619,-1.097,0.533,0.927,1.019,0.191,"5",1.207
47,2007,-0.078,"adult","FALSE",10.132,"yes","weaned","yes",151,-9,"0","1",0.598,-1.127,0.507,0.929,0.535,1.174,0.137,"5",-1.274
47,2008,0.208,"adult","FALSE",24.969,NA,NA,NA,NA,NA,"0","0",-0.251,-0.692,1.219,0.544,1.685,0.447,-0.95,"5",-0.177
48,2005,-0.935,"prim","TRUE",15.481,"yes","weaned","yes",149,15,"0","0",0.032,-0.474,-0.384,-1.694,-0.78,-0.669,0.246,"5",-0.488
48,2006,-0.649,"adult","FALSE",14.027,"yes","weaned","yes",148,-4,"0","0",-0.392,-0.619,-1.097,-0.748,-0.617,-0.346,0.354,"5",0.069
48,2007,-0.363,"adult","FALSE",12.393,"yes","weaned","yes",148,-12,"0","0",-0.463,-1.127,0.507,-0.588,-0.354,0.09,-0.678,"5",-0.449
48,2008,-0.078,"adult","FALSE",23.216,"yes","weaned","yes",139,-7,"0","0",-0.463,-0.692,1.219,-0.33,0.291,-0.618,-1.113,"5",0.242
48,2009,0.208,"adult","FALSE",19.058,"yes","weaned","yes",139,-11,"0","0",-1.099,-1.781,-0.028,0.304,0.296,-0.115,-0.841,"3",1.424
48,2010,0.494,"adult","FALSE",19.028,"yes","neoDeath","no",NA,NA,"0","0",-1.099,-1.272,0.328,0.309,0.614,0.18,-1.059,"5",0.545
48,2011,0.78,"adult","FALSE",17.482,"yes","weaned","yes",NA,NA,"0","0",NA,-0.692,0.418,0.622,0.313,0.09,NA,"1",NA
48,2012,1.066,"adult","FALSE",14.439,NA,NA,NA,NA,NA,"0","0",-0.675,-0.401,-0.028,0.326,0.433,0.564,-0.515,"5",NA
49,2006,-0.935,"prim","TRUE",13.265,"yes","weaned","yes",NA,NA,"0","1",NA,-0.619,-1.097,-0.98,0.085,0.387,NA,"1",NA
49,2007,-0.649,"adult","FALSE",12.208,"yes","weaned","yes",148,-12,"0","0",-0.675,-1.127,0.507,0.102,-0.014,0.423,-0.841,"3",-0.032
49,2008,-0.363,"adult","FALSE",37.234,"yes","weaned","yes",145,-1,"0","0",-0.463,-0.692,1.219,0.004,1.275,-1.398,-1.113,"5",0.37
49,2009,-0.078,"adult","FALSE",23.455,"yes","weaned","yes",159,9,"0","0",-0.675,-1.781,-0.028,1.272,1.162,0.15,-0.515,"3",0.724
49,2010,0.208,"adult","FALSE",11.149,"yes","weaned","yes",144,-7,"0","1",0.315,-1.272,0.328,1.161,0.694,1.197,0.028,"5",0.128
49,2011,0.494,"adult","FALSE",20.931,"yes","weaned","yes",148,2,"0","0",-0.746,-0.692,0.418,0.7,1.162,0.452,-0.841,"3",0.693
49,2012,0.78,"adult","FALSE",16.672,"yes","weaned","yes",163,17,"0","0",-0.463,-0.401,-0.028,1.16,0.853,0.681,-0.352,"5",0.106
49,2013,1.066,"adult","FALSE",11.916,"yes","neoDeath","no",NA,NA,"1","0",0.598,0.47,-0.028,0.857,0.802,1.205,0.463,"5",-0.266
49,2014,1.351,"adult","FALSE",NA,NA,NA,NA,NA,NA,"0","0",NA,0.397,0.507,0.807,NA,NA,NA,"1",NA
50,2007,-0.649,"prim","TRUE",12.283,"yes","weaned","yes",151,-9,"0","0",-0.746,-1.127,0.507,0.304,0.28,0.683,-0.896,"5",NA
50,2008,-0.363,"adult","FALSE",27.422,"yes","weaned","yes",140,-6,"0","0",-0.251,-0.692,1.219,0.294,1.243,-0.251,-0.95,"5",0.515
50,2009,-0.078,"adult","FALSE",19.11,NA,NA,NA,NA,NA,"0","0",-1.029,-1.781,-0.028,1.241,1.221,0.725,-0.787,"3",0.889
51,2007,-0.935,"prim","TRUE",12.306,"yes","weaned","yes",168,8,"0","0",-0.816,-1.127,0.507,-1.066,-0.392,0.066,-0.95,"9",NA
51,2008,-0.649,"adult","FALSE",13.428,"yes","neoDeath","no",NA,NA,"0","1",0.952,-0.692,1.219,-0.367,0.464,0.714,-0.026,"3",-2.75
51,2009,-0.363,"adult","FALSE",18.283,"yes","notWeaned","no",NA,NA,"0","0",NA,-1.781,-0.028,0.475,1.248,0.849,NA,"1",NA
51,2010,-0.078,"adult","FALSE",19.63,"yes","weaned","yes",140,-11,"0","0",-1.099,-1.272,0.328,1.245,1.265,0.703,-1.059,"2",NA
51,2011,0.208,"adult","FALSE",20.134,"yes","notWeaned","no",154,8,"0","0",-1.029,-0.692,0.418,1.262,1.426,0.789,-1.059,"3",NA
51,2012,0.494,"adult","FALSE",12.416,"yes","notWeaned","no",138,-8,"0","0",-0.038,-0.401,-0.028,1.42,0.905,1.239,-0.026,"2",-3.604
51,2013,0.78,"adult","FALSE",12.42,"yes","weaned","yes",164,12,"1","0",-1.17,0.47,-0.028,0.908,0.76,1.106,-0.896,"2",NA
51,2014,1.066,"adult","FALSE",12.587,"yes","weaned","yes",142,5,"0","0",0.669,0.397,0.507,0.766,1.222,1.508,0.191,"3",-0.168
51,2015,1.351,"adult","FALSE",16.952,"yes","weaned","yes",199,76,"0","0",-0.887,-0.764,-0.829,1.22,1.638,1.365,-0.189,"5",-0.21
52,2007,-0.935,"prim","TRUE",12.12,"yes","weaned","yes",144,-16,"0","0",-0.816,-1.127,0.507,-1.144,-0.698,-0.192,-0.95,"5",-0.448
52,2008,-0.649,"adult","FALSE",17.166,"yes","weaned","yes",139,-7,"0","0",-0.746,-0.692,1.219,-0.668,-0.077,-0.229,-1.33,"3",0.389
52,2009,-0.363,"adult","FALSE",20.952,"yes","weaned","yes",137,-13,"0","0",-1.099,-1.781,-0.028,-0.058,0.543,-0.116,-0.841,"5",0.747
52,2010,-0.078,"adult","FALSE",17.581,"yes","weaned","yes",149,-2,"0","0",-1.241,-1.272,0.328,0.552,0.747,0.475,-1.167,"3",NA
52,2011,0.208,"adult","FALSE",19.726,"yes","weaned","yes",138,-8,"0","0",-0.392,-0.692,0.418,0.753,0.303,-0.188,-0.57,"3",NA
52,2012,0.494,"adult","FALSE",15.186,NA,NA,NA,NA,NA,"0","0",-1.17,-0.401,-0.028,0.316,0.72,0.737,-0.896,"5",0.388
53,2007,-0.649,"prim","TRUE",10.336,"yes","weaned","yes",147,-13,"0","1",0.952,-1.127,0.507,-0.846,-0.541,0.166,0.409,"5",NA
53,2008,-0.363,"adult","FALSE",23.16,"yes","notWeaned","no",149,3,"0","0",-0.533,-0.692,1.219,-0.513,-0.177,-1.039,-1.167,"5",0.504
53,2009,-0.078,"adult","FALSE",15.609,"yes","weaned","yes",139,-11,"0","1",-0.392,-1.781,-0.028,-0.156,-0.078,-0.043,-0.298,"2",NA
53,2010,0.208,"adult","FALSE",15.037,"yes","weaned","yes",149,-2,"0","0",-1.099,-1.272,0.328,-0.058,0.252,0.328,-1.059,"5",1.284
53,2011,0.494,"adult","FALSE",17.747,"yes","neoDeath","no",NA,NA,"0","1",-0.392,-0.692,0.418,0.266,0.133,-0.107,-0.57,"5",0.52
53,2012,0.78,"adult","FALSE",16.272,NA,"human",NA,NA,NA,"0","0",NA,-0.401,-0.028,0.149,0.501,0.407,NA,"1",NA
53,2013,1.066,"adult","FALSE",NA,NA,NA,NA,NA,NA,"1",NA,NA,0.47,-0.028,0.511,NA,NA,NA,"9",NA
54,2005,-0.935,"prim","TRUE",NA,NA,NA,NA,NA,NA,"0","0",NA,-0.474,-0.384,NA,NA,NA,NA,"4",NA
55,2009,-0.935,"prim","TRUE",21.176,"yes","neoDeath","no",NA,NA,"0","0",-0.887,-1.781,-0.028,-1.238,-0.237,-0.856,-0.678,"5",-0.823
55,2010,-0.649,"adult","FALSE",17.645,"yes","weaned","yes",NA,NA,"0","0",NA,-1.272,0.328,-0.215,0.433,0.18,NA,"1",NA
55,2011,-0.363,"adult","FALSE",20.937,"yes","weaned","yes",143,-3,"0","0",-0.958,-0.692,0.418,0.444,0.608,-0.055,-1.004,"5",NA
55,2012,-0.078,"adult","FALSE",15.267,"yes","notWeaned","no",152,6,"0","0",-0.816,-0.401,-0.028,0.616,0.367,0.405,-0.624,"5",NA
55,2013,0.208,"adult","FALSE",12.167,"yes","weaned","yes",156,4,"1","0",-0.18,0.47,-0.028,0.379,0.662,1.047,-0.135,"2",0.318
55,2014,0.494,"adult","FALSE",11.769,"yes","weaned","yes",144,7,"0","1",0.103,0.397,0.507,0.669,0.371,0.828,-0.243,"5",-1.326
55,2015,0.78,"adult","FALSE",13.273,"yes","neoDeath","no",NA,NA,"0","0",-0.746,-0.764,-0.829,0.383,0.885,1.118,-0.08,"3",0.44
55,2016,1.066,"adult","FALSE",12.76,"yes","weaned","yes",NA,NA,"0","0",NA,-0.546,-2.077,0.889,0.959,1.247,NA,"1",NA
55,2017,1.351,"adult","FALSE",19.549,"yes","notWeaned","no",151,20,"0","0",-0.675,-1.055,-0.473,0.961,1.363,0.802,-0.243,"5",NA
55,2018,1.637,"senescent","FALSE",14.57,NA,NA,NA,NA,NA,"0","0",-0.251,-0.111,-1.364,1.358,1.053,1.115,0.626,"2",NA
56,2009,-0.935,"prim","TRUE",20.624,"yes","weaned","yes",144,-6,"0","0",-0.887,-1.781,-0.028,-0.308,0.262,-0.333,-0.678,"5",-0.416
56,2010,-0.649,"adult","FALSE",20.994,"yes","weaned","yes",148,-3,"0","0",-0.746,-1.272,0.328,0.276,0.593,-0.075,-0.787,"5",0.26
56,2011,-0.363,"adult","FALSE",21.246,"yes","weaned","yes",153,7,"0","0",-0.463,-0.692,0.418,0.601,0.838,0.118,-0.624,"5",0.62
56,2012,-0.078,"adult","FALSE",14.927,NA,NA,NA,NA,NA,"0","0",-0.109,-0.401,-0.028,0.842,0.594,0.654,-0.08,"3",-1.31
57,2009,-0.935,"prim","TRUE",19.915,"yes","weaned","yes",141,-9,"0","0",-0.958,-1.781,-0.028,-0.517,-0.121,-0.599,-0.733,"3",0.283
57,2010,-0.649,"adult","FALSE",24.294,NA,NA,NA,NA,NA,"0","0",-0.958,-1.272,0.328,-0.101,0.355,-0.688,-0.95,"3",0.543
58,2010,-0.935,"prim","TRUE",19.57,"yes","neoDeath","no",NA,NA,"0","0",-0.392,-1.272,0.328,-1.328,-0.19,-0.62,-0.515,"5",0.07
58,2011,-0.649,"adult","FALSE",20.192,"yes","neoDeath","no",NA,NA,"0","0",NA,-0.692,0.418,-0.168,0.252,-0.291,NA,"1",NA
58,2012,-0.363,"adult","FALSE",15.6,"yes","notWeaned","no",NA,NA,"0","0",NA,-0.401,-0.028,0.266,0.362,0.36,NA,"1",NA
58,2013,-0.078,"adult","FALSE",13.074,"yes","weaned","yes",152,0,"1","0",-0.675,0.47,-0.028,0.374,0.15,0.469,-0.515,"2",NA
58,2014,0.208,"adult","FALSE",21.17,"yes","weaned","yes",148,11,"0","0",-0.18,0.397,0.507,0.166,0.729,0.028,-0.461,"5",0.338
58,2015,0.494,"adult","FALSE",16.63,"yes","weaned","yes",149,26,"0","0",-0.463,-0.764,-0.829,0.735,0.984,0.806,0.137,"3",0.317
58,2016,0.78,"adult","FALSE",11.395,"yes","weaned","yes",140,-1,"0","0",-0.392,-0.546,-2.077,0.986,1.11,1.548,0.952,"5",NA
58,2017,1.066,"adult","FALSE",15.465,"yes","weaned","yes",147,16,"0","0",-1.029,-1.055,-0.473,1.11,1.086,1.038,-0.515,"5",2.227
58,2018,1.351,"adult","FALSE",16.859,NA,NA,NA,NA,NA,"0","0",-0.533,-0.111,-1.364,1.086,0.754,0.568,0.409,"3",0.505
59,2010,-0.935,"prim","TRUE",6.629,NA,NA,NA,NA,NA,"0","1",-0.392,-1.272,0.328,-2.098,-1.736,-0.482,-0.515,"5",-0.94
60,2010,-0.935,"prim","TRUE",19.806,NA,NA,NA,NA,NA,"0","0",-0.958,-1.272,0.328,-1.104,-0.196,-0.654,-0.95,"5",0.242
61,2010,-0.935,"prim","TRUE",16.769,"yes","weaned","yes",195,44,"0","0",-0.746,-1.272,0.328,-2.158,-1.218,-1.224,-0.787,"5",-0.621
61,2011,-0.649,"adult","FALSE",14.419,"yes","weaned","yes",153,7,"0","1",2.862,-0.692,0.418,-1.179,-0.656,-0.429,1.931,"5",-2.241
61,2012,-0.363,"adult","FALSE",15.191,NA,NA,NA,NA,NA,"0","1",-0.109,-0.401,-0.028,-0.627,-0.599,-0.469,-0.08,"5",-1.179
62,2010,-0.935,"prim","TRUE",20.353,"yes","weaned","yes",149,-2,"0","0",-1.312,-1.272,0.328,-1.682,-0.92,-1.382,-1.222,"2",NA
62,2011,-0.649,"adult","FALSE",19.543,"yes","weaned","yes",146,0,"0","0",-0.392,-0.692,0.418,-0.886,-0.206,-0.632,-0.57,"5",-0.257
62,2012,-0.363,"adult","FALSE",17.329,"yes","neoDeath","no",NA,NA,"0","0",-0.604,-0.401,-0.028,-0.184,-0.27,-0.425,-0.461,"3",-0.491
62,2013,-0.078,"adult","FALSE",13.378,"yes","weaned","yes",NA,NA,"1","0",NA,0.47,-0.028,-0.247,-0.249,0.068,NA,"1",NA
62,2014,0.208,"adult","FALSE",9.26,"yes","weaned","yes",154,17,"0","0",0.032,0.397,0.507,-0.226,-0.462,0.367,-0.298,"5",-0.695
62,2015,0.494,"adult","FALSE",14.903,"yes","weaned","yes",145,22,"0","0",-0.038,-0.764,-0.829,-0.435,0.195,0.291,0.463,"5",NA
62,2016,0.78,"adult","FALSE",11.298,"yes","weaned","yes",143,2,"0","0",-0.675,-0.546,-2.077,0.21,-0.006,0.54,0.735,"5",0.855
62,2017,1.066,"adult","FALSE",17.81,"yes","notWeaned","no",150,19,"0","0",-0.816,-1.055,-0.473,0.013,0.029,-0.209,-0.352,"5",0.751
62,2018,1.351,"adult","FALSE",12.541,"yes","notWeaned","no",146,2,"0","0",-0.321,-0.111,-1.364,0.047,-0.554,-0.111,0.572,"2",-0.261
62,2019,1.637,"senescent","FALSE",19.666,NA,NA,NA,NA,NA,"0","0",-0.604,0.325,-0.206,-0.526,-0.369,-0.796,-0.352,"2",NA
63,2010,-0.649,"prim","TRUE",16.536,"yes","neoDeath","no",NA,NA,"0","0",-0.533,-1.272,0.328,0.043,-1.127,-1.113,-0.624,"5",-0.384
63,2011,-0.363,"adult","FALSE",21.43,"yes","weaned","yes",NA,NA,"0","0",NA,-0.692,0.418,-1.089,0.855,0.112,NA,"1",NA
63,2012,-0.078,"adult","FALSE",14.774,"yes","weaned","yes",151,5,"0","0",-0.604,-0.401,-0.028,0.859,0.203,0.314,-0.461,"5",0.255
63,2013,0.208,"adult","FALSE",12.605,"yes","neoDeath","no",NA,NA,"1","0",-0.251,0.47,-0.028,0.218,0.108,0.487,-0.189,"5",-0.51
63,2014,0.494,"adult","FALSE",20.45,"yes","weaned","yes",NA,NA,"0","0",NA,0.397,0.507,0.124,0.79,0.17,NA,"1",NA
63,2015,0.78,"adult","FALSE",16.748,"yes","weaned","yes",144,21,"0","0",-0.533,-0.764,-0.829,0.795,1.439,1.207,0.083,"5",0.051
63,2016,1.066,"adult","FALSE",9.948,"yes","weaned","yes",142,1,"0","0",-0.746,-0.546,-2.077,1.433,1.021,1.64,0.681,"5",0.773
63,2017,1.351,"adult","FALSE",18.536,"yes","weaned","yes",150,19,"0","0",-0.887,-1.055,-0.473,1.022,1.385,0.944,-0.406,"5",1.448
63,2018,1.637,"senescent","FALSE",17.187,"yes","neoDeath","no",NA,NA,"0","0",-0.321,-0.111,-1.364,1.38,1.52,1.229,0.572,"3",0.445
63,2019,1.923,"senescent","FALSE",13.902,"yes","neoDeath","no",NA,NA,"0","1",NA,0.325,-0.206,1.513,1.389,1.504,NA,"1",NA
63,2020,2.209,"senescent","FALSE",25.773,"yes","neoDeath","no",NA,NA,"0","1",NA,3.011,-0.651,1.384,1.149,-0.14,NA,"1",NA
64,2010,-0.649,"prim","TRUE",16.061,"yes","weaned","yes",171,20,"0","0",-0.392,-1.272,0.328,-0.399,-0.516,-0.498,-0.515,"5",0.461
64,2011,-0.363,"adult","FALSE",18.08,"yes","neoDeath","no",NA,NA,"0","1",1.164,-0.692,0.418,-0.489,0.406,0.103,0.626,"5",-0.953
64,2012,-0.078,"adult","FALSE",13.592,"yes","notWeaned","no",NA,NA,"0","0",NA,-0.401,-0.028,0.418,0.326,0.568,NA,"1",NA
64,2013,0.208,"adult","FALSE",11.963,"yes","neoDeath","no",NA,NA,"1","0",0.032,0.47,-0.028,0.339,0.189,0.639,0.028,"2",0.143
64,2014,0.494,"adult","FALSE",18.411,"yes","weaned","yes",NA,NA,"0","0",NA,0.397,0.507,0.205,0.85,0.47,NA,"1",NA
64,2015,0.78,"adult","FALSE",17.729,"yes","weaned","yes",164,41,"0","0",-0.746,-0.764,-0.829,0.854,0.939,0.633,-0.08,"5",-0.308
64,2016,1.066,"adult","FALSE",9.787,"yes","weaned","yes",146,5,"0","0",0.669,-0.546,-2.077,0.941,1.097,1.73,1.768,"3",NA
64,2017,1.351,"adult","FALSE",18.102,"yes","neoDeath","no",NA,NA,"0","0",-0.604,-1.055,-0.473,1.097,1.108,0.743,-0.189,"5",1.058
64,2018,1.637,"senescent","FALSE",10.965,NA,NA,NA,NA,NA,"0","0",NA,-0.111,-1.364,1.108,0.769,1.288,NA,"1",NA
65,2011,-0.935,"prim","TRUE",18.886,NA,NA,NA,NA,NA,"0","0",-0.463,-0.692,0.418,-0.675,-0.419,-0.747,-0.624,"5",-0.038
66,2011,-0.935,"prim","TRUE",17.578,"yes","notWeaned","no",153,7,"0","1",0.598,-0.692,0.418,-1.079,-0.51,-0.674,0.191,"5",-0.594
66,2012,-0.649,"adult","FALSE",15.151,"yes","weaned","yes",161,15,"0","1",-0.109,-0.401,-0.028,-0.483,-0.441,-0.32,-0.08,"2",NA
66,2013,-0.363,"adult","FALSE",12.907,"yes","neoDeath","no",NA,NA,"1","0",0.457,0.47,-0.028,-0.415,-0.106,0.255,0.354,"3",-0.441
66,2014,-0.078,"adult","FALSE",16.927,"yes","neoDeath","no",NA,NA,"0","0",NA,0.397,0.507,-0.086,0.346,0.187,NA,"1",NA
66,2015,0.208,"adult","FALSE",11.277,NA,NA,NA,NA,NA,"0","0",NA,-0.764,-0.829,0.358,0.058,0.6,NA,"1",NA
67,2012,-0.649,"prim","TRUE",NA,NA,NA,NA,NA,NA,"0","0",-0.321,-0.401,-0.028,-0.078,NA,NA,-0.243,"2",NA
68,2012,-0.935,"prim","TRUE",16.261,"yes","neoDeath","no",NA,NA,"0","0",-0.392,-0.401,-0.028,-0.836,-0.644,-0.639,-0.298,"3",NA
68,2013,-0.649,"adult","FALSE",11.883,"yes","neoDeath","no",NA,NA,"1","0",NA,0.47,-0.028,-0.615,0.051,0.522,NA,"1",NA
68,2014,-0.363,"adult","FALSE",23.223,"yes","weaned","yes",NA,NA,"0","0",NA,0.397,0.507,0.069,0.511,-0.418,NA,"1",NA
68,2015,-0.078,"adult","FALSE",16.019,"yes","weaned","yes",147,24,"0","0",-0.958,-0.764,-0.829,0.52,0.819,0.728,-0.243,"3",0.21
68,2016,0.208,"adult","FALSE",10.568,"yes","weaned","yes",NA,NA,"0","0",-0.533,-0.546,-2.077,0.823,0.975,1.524,0.844,"5",NA
68,2017,0.494,"adult","FALSE",16.977,"yes","weaned","yes",NA,NA,"0","0",NA,-1.055,-0.473,0.976,1.439,1.181,NA,"5",NA
68,2018,0.78,"adult","FALSE",15.659,"no","noLamb",NA,NA,NA,"0","0",-0.463,-0.111,-1.364,1.434,1.199,1.119,0.463,"3",NA
69,2013,-0.649,"prim","TRUE",9.785,"yes","neoDeath","no",NA,NA,"1","1",0.174,0.47,-0.028,0.138,0.521,1.203,0.137,"5",-0.652
69,2014,-0.363,"adult","FALSE",18.075,"yes","weaned","yes",NA,NA,"0","0",NA,0.397,0.507,0.53,0.878,0.535,NA,"1",NA
69,2015,-0.078,"adult","FALSE",16.69,"yes","weaned","yes",150,27,"0","0",-0.463,-0.764,-0.829,0.881,1.101,0.906,0.137,"5",NA
69,2016,0.208,"adult","FALSE",10.551,"yes","neoDeath","no",NA,NA,"0","0",-0.321,-0.546,-2.077,1.101,1.517,2.022,1.007,"5",NA
69,2017,0.494,"adult","FALSE",19.909,"yes","weaned","yes",NA,NA,"0","0",NA,-1.055,-0.473,1.51,1.769,1.13,NA,"1",NA
69,2018,0.78,"adult","FALSE",15.166,"yes","notWeaned","no",166,22,"0","0",-0.251,-0.111,-1.364,1.757,0.827,0.838,0.626,"3",NA
69,2019,1.066,"adult","FALSE",12.925,"no","noLamb",NA,NA,NA,"0","1",0.811,0.325,-0.206,0.831,1.161,1.412,0.735,"2",NA
70,2012,-0.935,"prim","TRUE",16.326,NA,NA,NA,NA,NA,"0","0",-0.251,-0.401,-0.028,-0.476,-0.01,-0.067,-0.189,"3",NA
71,2012,-0.935,"prim","TRUE",14.912,"yes","weaned","yes",159,13,"0","0",2.013,-0.401,-0.028,-1.499,-0.319,-0.18,1.55,"5",NA
71,2013,-0.649,"adult","FALSE",13,"yes","neoDeath","no",NA,NA,"1","0",0.315,0.47,-0.028,-0.295,-0.184,0.173,0.246,"5",-1.079
71,2014,-0.363,"adult","FALSE",21.609,"yes","notWeaned","no",NA,NA,"0","0",NA,0.397,0.507,-0.163,0.239,-0.473,NA,"1",NA
71,2015,-0.078,"adult","FALSE",17.349,"yes","weaned","yes",NA,NA,"0","0",NA,-0.764,-0.829,0.253,0.722,0.48,NA,"2",NA
71,2016,0.208,"adult","FALSE",11.601,"yes","weaned","yes",144,3,"0","0",-0.463,-0.546,-2.077,0.728,0.59,1.049,0.898,"5",0.775
71,2017,0.494,"adult","FALSE",19.895,"yes","neoDeath","no",NA,NA,"0","0",-0.746,-1.055,-0.473,0.599,1.088,0.509,-0.298,"5",0.352
71,2018,0.78,"adult","FALSE",17.12,"yes","neoDeath","no",NA,NA,"0","0",NA,-0.111,-1.364,1.088,1.122,0.873,NA,"1",NA
71,2019,1.066,"adult","FALSE",18.963,"yes","neoDeath","no",NA,NA,"0","0",NA,0.325,-0.206,1.122,1.033,0.571,NA,"1",NA
71,2020,1.351,"adult","FALSE",26.591,"yes","notWeaned","no",NA,NA,"0","0",NA,3.011,-0.651,1.034,1.199,-0.192,NA,"1",NA
72,2013,-0.935,"prim","TRUE",14.053,"no","noLamb",NA,NA,NA,"1","0",0.315,0.47,-0.028,-1.444,-0.827,-0.541,0.246,"5",-0.912
72,2015,-0.363,"adult","FALSE",17.018,"yes","neoDeath","no",NA,NA,"0","0",NA,-0.764,-0.829,0.081,0.168,0.013,NA,"1",NA
72,2016,-0.078,"adult","FALSE",13.96,"yes","weaned","yes",NA,NA,"0","0",NA,-0.546,-2.077,0.183,0.641,0.812,NA,"1",NA
72,2017,0.208,"adult","FALSE",15.134,"yes","weaned","yes",159,28,"0","0",-0.887,-1.055,-0.473,0.649,0.527,0.567,-0.406,"5",NA
72,2018,0.494,"adult","FALSE",13.63,NA,NA,NA,NA,NA,"0","1",0.315,-0.111,-1.364,0.536,0.241,0.486,1.061,"3",-0.067
73,2015,-0.363,"prim","TRUE",17.081,"yes","weaned","yes",148,25,"0","0",-0.392,-0.764,-0.829,-0.33,0.022,-0.128,0.191,"2",NA
73,2016,-0.078,"adult","FALSE",11.584,NA,NA,NA,NA,NA,"0","0",-0.463,-0.546,-2.077,0.04,-0.234,0.297,0.898,"5",1.141
74,2013,-0.935,"prim","TRUE",11.887,"no","noLamb",NA,NA,NA,"1","1",1.306,0.47,-0.028,-0.833,0.007,0.481,1.007,"2",NA
74,2015,-0.363,"adult","FALSE",NA,NA,NA,NA,NA,NA,"0",NA,-0.958,-0.764,-0.829,0.858,NA,NA,-0.243,"2",NA
75,2015,-0.363,"prim","TRUE",8.161,"yes","weaned","yes",143,20,"0","1",0.669,-0.764,-0.829,0.244,0.182,1.088,1.007,"5",-0.857
75,2016,-0.078,"adult","FALSE",12.701,"yes","weaned","yes",141,0,"0","0",-0.816,-0.546,-2.077,0.198,0.636,0.959,0.626,"5",1.14
75,2017,0.208,"adult","FALSE",18.736,"yes","weaned","yes",148,17,"0","0",-0.958,-1.055,-0.473,0.644,0.835,0.417,-0.461,"5",1.835
75,2018,0.494,"adult","FALSE",15.588,"yes","weaned","yes",156,12,"0","0",-0.463,-0.111,-1.364,0.839,0.239,0.249,0.463,"5",0.051
75,2019,0.78,"adult","FALSE",12.302,NA,NA,NA,NA,NA,"0","1",0.103,0.325,-0.206,0.253,0.063,0.482,0.191,"3",-0.656
76,2015,-0.363,"prim","TRUE",14.18,"yes","weaned","yes",145,22,"0","0",-0.746,-0.764,-0.829,-0.837,-0.506,-0.263,-0.08,"5",-0.636
76,2016,-0.078,"adult","FALSE",12.444,"yes","weaned","yes",151,10,"0","0",-0.675,-0.546,-2.077,-0.479,-0.494,-0.044,0.735,"3",1.21
76,2017,0.208,"adult","FALSE",15.23,"yes","notWeaned","no",151,20,"0","0",-0.251,-1.055,-0.473,-0.468,-0.285,-0.187,0.083,"5",1.519
76,2018,0.494,"adult","FALSE",15.566,"yes","weaned","yes",155,11,"0","0",-0.251,-0.111,-1.364,-0.261,-0.158,-0.111,0.626,"2",-0.577
76,2019,0.78,"adult","FALSE",16.265,NA,NA,NA,NA,NA,"0","0",0.032,0.325,-0.206,-0.137,-0.324,-0.347,0.137,"3",-1.045
77,2015,-0.649,"prim","TRUE",15.404,"yes","weaned","yes",148,25,"0","0",-0.746,-0.764,-0.829,-0.977,-0.662,-0.553,-0.08,"5",-0.183
77,2016,-0.363,"adult","FALSE",12.509,"yes","weaned","yes",151,10,"0","0",-0.463,-0.546,-2.077,-0.633,-0.353,0.077,0.898,"5",0.73
77,2017,-0.078,"adult","FALSE",18.28,"yes","weaned","yes",155,24,"0","0",-0.251,-1.055,-0.473,-0.329,0.046,-0.25,0.083,"5",1.067
77,2018,0.208,"adult","FALSE",15.627,NA,NA,NA,NA,NA,"0","0",0.032,-0.111,-1.364,0.063,-0.045,-0.015,0.844,"5",NA
78,2016,-0.363,"prim","TRUE",5.761,"yes","weaned","yes",146,5,"0","0",0.881,-0.546,-2.077,0.483,0.425,1.598,1.931,"5",-0.997
78,2017,-0.078,"adult","FALSE",18.886,"no","noLamb",NA,NA,NA,"0","0",-0.604,-1.055,-0.473,0.436,0.67,0.248,-0.189,"5",0.392
78,2019,0.494,"adult","FALSE",18.659,NA,NA,NA,NA,NA,"0","0",NA,0.325,-0.206,0.884,1.276,0.829,NA,"1",NA
79,2016,-0.363,"prim","TRUE",7.022,"yes","weaned","yes",142,1,"0","1",-0.109,-0.546,-2.077,0.457,0.103,1.152,1.17,"1",NA
79,2017,-0.078,"adult","FALSE",19.294,"yes","weaned","yes",156,25,"0","0",-0.887,-1.055,-0.473,0.12,0.848,0.362,-0.406,"5",0.763
79,2018,0.208,"adult","FALSE",11.105,"no","noLamb",NA,NA,NA,"0","1",0.103,-0.111,-1.364,0.852,-0.033,0.538,0.898,"3",-0.096
80,2016,-0.649,"prim","TRUE",13.444,"yes","weaned","yes",146,5,"0","0",-0.604,-0.546,-2.077,0.333,0.508,0.753,0.789,"5",0.322
80,2017,-0.363,"adult","FALSE",20.662,NA,NA,NA,NA,NA,"0","0",-0.604,-1.055,-0.473,0.518,1.142,0.467,-0.189,"5",1.085
81,2015,-0.935,"prim","TRUE",19.39,"yes","weaned","yes",166,43,"0","0",-0.463,-0.764,-0.829,-0.7,0.393,-0.065,0.137,"3",-0.156
81,2016,-0.649,"adult","FALSE",7.564,"no","noLamb",NA,NA,NA,"0","0",0.811,-0.546,-2.077,0.405,1.386,2.26,1.876,"5",NA
81,2018,-0.078,"adult","FALSE",17.144,"yes","neoDeath","no",NA,NA,"0","0",-0.251,-0.111,-1.364,2.922,1.719,1.416,0.626,"5",0.435
81,2019,0.208,"adult","FALSE",18.713,"yes","weaned","yes",NA,NA,"0","1",NA,0.325,-0.206,1.708,1.643,1.159,NA,"1",NA
81,2020,0.494,"adult","FALSE",27.605,NA,"human",NA,160,NA,"0","0",0.952,3.011,-0.651,1.634,1.799,0.236,1.115,"3",NA
82,2016,-0.935,"prim","TRUE",14.378,"yes","weaned","yes",143,2,"0","0",-0.321,-0.546,-2.077,-2.074,-1.149,-0.875,1.007,"2",NA
82,2017,-0.649,"adult","FALSE",15.226,"yes","weaned","yes",149,18,"0","0",-0.816,-1.055,-0.473,-1.111,-0.768,-0.628,-0.352,"3",1.386
82,2018,-0.363,"adult","FALSE",16.063,"no","noLamb",NA,NA,NA,"0","0",-0.392,-0.111,-1.364,-0.736,-0.719,-0.683,0.517,"5",0.003
83,2018,-0.363,"adult","FALSE",15.906,"no","noLamb",NA,NA,NA,"0","0",-0.604,-0.111,-1.364,0.932,0.986,0.894,0.354,"3",-0.331
84,2017,-0.649,"prim","TRUE",17.436,"yes","weaned","yes",177,46,"0","0",-0.675,-1.055,-0.473,-0.174,-0.153,-0.331,-0.243,"5",1.214
84,2018,-0.363,"adult","FALSE",12.85,"yes","neoDeath","no",NA,NA,"0","1",1.589,-0.111,-1.364,-0.132,-0.18,0.194,2.039,"3",-1.695
84,2019,-0.078,"adult","FALSE",17.597,"yes","neoDeath","no",NA,NA,"0","0",NA,0.325,-0.206,-0.159,-0.248,-0.437,NA,"1",NA
84,2020,0.208,"adult","FALSE",23.922,"yes","weaned","yes",NA,NA,"0","0",NA,3.011,-0.651,-0.225,0.376,-0.625,NA,"1",NA
85,2017,-0.649,"adult","FALSE",19.908,"yes","weaned","yes",156,25,"0","0",-0.321,-1.055,-0.473,0.332,0.419,-0.104,0.028,"5",0.013
85,2018,-0.363,"adult","FALSE",7.625,NA,NA,NA,NA,NA,"0","1",0.103,-0.111,-1.364,0.431,0.098,1.075,0.898,"5",0.362
86,2017,-0.935,"prim","TRUE",17.926,NA,NA,NA,NA,NA,"0","0",-1.099,-1.055,-0.473,-1.032,-0.449,-0.66,-0.57,"5",1.716
87,2017,-0.935,"prim","TRUE",16.26,NA,NA,NA,NA,NA,"0","0",-0.604,-1.055,-0.473,-1.498,-0.948,-0.916,-0.189,"5",-0.129
88,2017,-0.935,"prim","TRUE",17.303,"no","noLamb",NA,NA,NA,"0","0",-0.321,-1.055,-0.473,-1.379,-0.898,-0.996,0.028,"5",NA
88,2019,-0.363,"adult","FALSE",19.55,"no","noLamb",NA,NA,NA,"0","0",-0.251,0.325,-0.206,0.019,-0.149,-0.58,-0.08,"3",-0.813
89,2018,-0.935,"prim","TRUE",11.053,"yes","weaned","yes",192,48,"0","1",0.74,-0.111,-1.364,-0.795,-0.396,0.212,1.387,"3",-1.431
89,2019,-0.649,"adult","FALSE",14.209,"no","noLamb",NA,NA,NA,"0","1",2.65,0.325,-0.206,-0.371,-0.049,0.151,2.148,"3",-1.722
90,2018,-0.935,"prim","TRUE",14.348,"no","noLamb",NA,NA,NA,"0","0",-0.109,-0.111,-1.364,-0.202,-0.061,0.124,0.735,"3",-0.791
90,2020,-0.363,"adult","FALSE",27.638,"yes","notWeaned","no",160,NA,"0","0",1.73,3.011,-0.651,0.448,0.642,-0.827,1.713,"5",NA
91,2018,-0.935,"prim","TRUE",10.85,"no","noLamb",NA,NA,NA,"0","1",1.943,-0.111,-1.364,-1.399,-0.825,-0.155,2.311,"3",NA
92,2018,-0.935,"prim","TRUE",10.328,"no","noLamb",NA,NA,NA,"0","1",1.306,-0.111,-1.364,-1.667,-0.921,-0.181,1.822,"3",-0.306
93,2017,-0.363,"prim","TRUE",19.513,NA,NA,NA,NA,NA,"0","0",-0.533,-1.055,-0.473,1.016,1.551,0.978,-0.135,"3",1.243
94,2018,-0.935,"prim","TRUE",10.174,NA,NA,NA,NA,NA,"0","1",0.528,-0.111,-1.364,-0.434,-0.405,0.309,1.224,"3",-0.007
96,2017,-0.935,"prim","TRUE",15.768,"yes","weaned","yes",202,71,"0","0",-0.604,-1.055,-0.473,-0.912,-0.311,-0.275,-0.189,"3",-0.005
96,2019,-0.363,"adult","FALSE",8.384,"yes","neoDeath","no",NA,NA,"0","1",-0.109,0.325,-0.206,0.321,-0.125,0.78,0.028,"3",0.045
96,2020,-0.078,"adult","FALSE",26.927,"yes","weaned","yes",NA,NA,"0","0",NA,3.011,-0.651,-0.105,0.959,-0.452,NA,"1",NA
97,2017,-0.935,"prim","TRUE",16.887,NA,NA,NA,NA,NA,"0","0",-0.816,-1.055,-0.473,-1.1,-0.6,-0.673,-0.352,"3",NA
98,2015,-0.935,"prim","TRUE",17.029,"no","noLamb",NA,NA,NA,"0","0",NA,-0.764,-0.829,NA,-1.444,-1.462,NA,"3",NA
98,2017,-0.363,"adult","FALSE",21.507,"yes","weaned","yes",150,19,"0","0",-0.392,-1.055,-0.473,-0.578,0.445,-0.272,-0.026,"2",NA
98,2018,-0.078,"adult","FALSE",14.987,"no","noLamb",NA,NA,NA,"0","0",-0.321,-0.111,-1.364,0.456,-0.13,-0.016,0.572,"3",-0.306
99,2017,-0.649,"prim","TRUE",16.156,"yes","weaned","yes",175,44,"0","0",-0.18,-1.055,-0.473,-0.411,0.064,0.021,0.137,"5",0.553
99,2018,-0.363,"adult","FALSE",13.629,"yes","neoDeath","no",NA,NA,"0","1",1.447,-0.111,-1.364,0.082,0.243,0.488,1.931,"5",-1.391
99,2019,-0.078,"adult","FALSE",16.979,NA,NA,NA,NA,NA,"0","0",NA,0.325,-0.206,0.257,0.384,0.215,NA,"1",NA
