"ID","yr","ewe_age","age_class","prim","birthdate","median_bdate","birthdate_tp1","greenup_date","mass_fall_tm1","mass_fall","mass_spring","mass_gain","greenup_mismatch","mismatch_tp1","wean_mass","code_sr","repro_tp1","wean_tp1","frs","pred","first_pregnant"
6,2000,12,"senescent","FALSE",146,162,"160",170,72.576,71.923,57.038,"14.8853639794424",-24,"2",36.131,"5","yes","no","neoDeath","1","0"
6,2001,13,"senescent","FALSE",160,161,NA,158,71.923,74.997,63.223,"11.7742166165861",2,NA,NA,"1",NA,NA,NA,"1","1"
34,2000,6,"adult","FALSE",160,162,"197",170,58.357,59.669,43.723,"15.9464758007398",-10,"39",NA,"5","yes","yes","weaned","1","0"
34,2001,7,"adult","FALSE",197,161,NA,158,59.669,59.317,49.344,"9.9726586316902",39,NA,NA,"3",NA,NA,NA,"1","1"
43,2000,6,"adult","FALSE",NA,162,NA,170,68.478,72.628,56.76,"15.8677745246728",NA,NA,NA,"8",NA,NA,"human","1","0"
43,2001,7,"adult","FALSE",NA,161,NA,158,72.628,71.705,59.091,"12.614019886326",NA,NA,NA,"8",NA,NA,"human","1","0"
43,2002,8,"adult","FALSE",NA,153,NA,158,71.705,70.344,55.5,"14.8439057003454",NA,NA,NA,"8",NA,NA,"human","1","0"
43,2003,9,"adult","FALSE",NA,162,NA,152,70.344,71.392,57.488,"13.9041022442211",NA,NA,NA,"8",NA,NA,"human","0","0"
43,2004,10,"adult","FALSE",NA,160,NA,146,71.392,74.647,61.112,"13.5352210539122",NA,NA,NA,"8",NA,NA,"human","0","0"
43,2005,11,"adult","FALSE",NA,149.5,NA,142,74.647,75.388,61.325,"14.0629016410207",NA,NA,NA,"8",NA,NA,NA,"0","0"
90,2000,10,"adult",NA,NA,162,NA,170,69.631,73.453,55.672,"17.7815071714928",NA,NA,NA,"0","no",NA,"noLamb","1","0"
90,2001,11,"adult",NA,NA,161,NA,158,73.453,72.965,60.921,"12.0437505510752",NA,NA,NA,"0",NA,NA,NA,"1","0"
112,2000,13,"senescent",NA,NA,162,NA,170,75.69,76.636,64.197,"12.4387380051682",NA,NA,NA,"0","no",NA,"noLamb","1","0"
112,2001,14,"senescent",NA,NA,161,NA,158,76.636,77.18,67.073,"10.1069697926037",NA,NA,NA,"0",NA,NA,NA,"1","0"
117,2000,14,"senescent",NA,NA,162,NA,170,60.601,66.881,53.584,"13.2971893126416",NA,NA,NA,"0",NA,NA,NA,"1","0"
119,2000,12,"senescent","FALSE",NA,162,NA,170,70.107,71.975,57.583,"14.3920679786177",NA,NA,NA,"1","no",NA,"noLamb","1","0"
119,2001,13,"senescent",NA,NA,161,NA,158,71.975,72.216,60.189,"12.0262173121217",NA,NA,NA,"0",NA,NA,NA,"1","0"
127,2000,12,"senescent","FALSE",154,162,"150",170,67.936,71.818,50.405,"21.412627062315",-16,"-8",30.485,"3","yes","no","notWeaned","1","0"
127,2001,13,"senescent","FALSE",150,161,"146",158,71.818,70.649,57.068,"13.5814000726391",-8,"-12",NA,"2","yes","yes","weaned","1","0"
127,2002,14,"senescent","FALSE",146,153,NA,158,70.649,67.326,49.821,"17.5052624595123",-12,NA,28.195,"3",NA,NA,NA,"1","0"
128,2000,11,"adult","FALSE",150,162,NA,170,74.706,74.953,57.875,"17.0774655439584",-20,NA,NA,"2",NA,NA,NA,"1","0"
129,2000,9,"adult","FALSE",NA,162,NA,170,74.431,73.143,55.123,"18.0191708581497",NA,NA,NA,"1","yes","no","notWeaned","1","1"
129,2001,10,"adult","FALSE",161,161,NA,158,73.143,69.94,59.469,"10.4709340250674",3,NA,31.853,"2",NA,NA,NA,"1","1"
131,2000,13,"senescent","FALSE",175,162,NA,170,60.311,65.659,55.38,"10.2787625076391",5,NA,NA,"5","yes","no","neoDeath","1","1"
131,2001,14,"senescent","FALSE",NA,161,NA,158,65.659,62.373,49.748,"12.6254051746298",NA,NA,NA,"1",NA,NA,NA,"1","0"
150,2000,12,"senescent","FALSE",154,162,"167",170,67.145,70.48,50.845,"19.6356313759842",-16,"9",26.246,"5","yes","yes","weaned","1","0"
150,2001,13,"senescent","FALSE",167,161,NA,158,70.48,67.44,58.004,"9.4359489816265",9,NA,27.255,"3",NA,NA,NA,"1","1"
155,2000,9,"adult","FALSE",NA,162,NA,170,67.456,66.356,45.756,"20.6006057439146",NA,NA,NA,"1",NA,NA,NA,"1","0"
164,2000,12,"senescent","FALSE",154,162,NA,170,68.456,70.807,50.894,"19.9127283308351",-16,NA,NA,"2",NA,NA,NA,"1","0"
167,2000,9,"adult","FALSE",NA,162,NA,170,73.313,64.309,47.193,"17.1163066585033",NA,NA,NA,"1","yes","yes","weaned","1","0"
167,2001,10,"adult","FALSE",162,161,NA,158,64.309,64.104,56.142,"7.96163450645719",4,NA,30.146,"3",NA,NA,NA,"1","1"
176,2000,12,"senescent","FALSE",NA,162,NA,170,61.386,66.985,52.174,"14.8115820218395",NA,NA,NA,"1","yes","yes","weaned","1","0"
176,2001,13,"senescent","FALSE",162,161,NA,158,66.985,66.356,55.222,"11.1339149247198",4,NA,26.358,"5",NA,NA,NA,"1","0"
179,2000,11,"adult","FALSE",174,162,"190",170,70.709,75.335,61.779,"13.5559124370989",4,"32",18.769,"3","yes","no","notWeaned","1","1"
179,2001,12,"senescent","FALSE",190,161,NA,158,75.335,74.477,67.477,"6.99990314463371",32,NA,NA,"2",NA,NA,NA,"1","1"
182,2000,9,"adult","FALSE",NA,162,NA,170,63.879,70.434,53.211,"17.2227346293596",NA,NA,NA,"1","yes","yes","weaned","1","0"
182,2001,10,"adult","FALSE",154,161,"145",158,70.434,65.918,53.688,"12.2296380907689",-4,"-13",27.384,"3","yes","yes","weaned","1","0"
182,2002,11,"adult","FALSE",145,153,NA,158,65.918,65.578,47.456,"18.1216073930848",-13,NA,29.407,"5",NA,NA,NA,"1","0"
183,2000,11,"adult","FALSE",189,162,"162",170,67.78,70.766,59.332,"11.4340183630558",19,"4",NA,"3","yes","no","neoDeath","1","1"
183,2001,12,"senescent","FALSE",162,161,NA,158,70.766,71.319,57.458,"13.8606703639093",4,NA,NA,"1","yes","no","neoDeath","1","1"
183,2002,13,"senescent","FALSE",NA,153,NA,158,71.319,70.691,53.731,"16.9593870535617",NA,NA,NA,"1","yes","yes","weaned","1","1"
183,2003,14,"senescent","FALSE",173,162,NA,152,70.691,68.959,55.414,"13.5454274876285",21,NA,19.996,"5","yes","no","neoDeath","0","1"
183,2004,15,"senescent","FALSE",NA,160,NA,146,68.959,71.067,57.812,"13.2545475887688",NA,NA,NA,"1",NA,NA,NA,"0","1"
196,2000,12,"senescent","FALSE",162,162,NA,170,69.684,71.929,55.547,"16.3817561766224",-8,NA,NA,"2",NA,NA,NA,"1","0"
241,2000,10,"adult","FALSE",174,162,NA,170,64.316,63.222,54.175,"9.0469580097233",4,NA,20.986,"5",NA,NA,NA,"1","1"
247,2000,12,"senescent","FALSE",NA,162,NA,170,75.606,76.064,61.836,"14.227209595753",NA,NA,NA,"1","yes","no","neoDeath","1","0"
247,2001,13,"senescent","FALSE",160,161,NA,158,76.064,74.926,63.817,"11.1093052864958",2,NA,NA,"1",NA,NA,NA,"1","1"
251,2000,5,"adult",NA,NA,162,NA,170,64.745,70.757,53.756,"17.0013155490555",NA,NA,NA,"0","yes","yes","weaned","1","0"
251,2001,6,"prim","TRUE",190,161,NA,158,70.757,68.377,57.942,"10.4349360814727",32,NA,10.729,"3",NA,NA,NA,"1","1"
253,2000,5,"adult","FALSE",174,162,"154",170,65.419,68.448,54.845,"13.6030196957776",4,"-4",21.827,"3","yes","yes","weaned","1","1"
253,2001,6,"adult","FALSE",154,161,NA,158,68.448,69.112,59.419,"9.69294319273471",-4,NA,25.569,"5","yes","no","neoDeath","1","1"
253,2002,7,"adult","FALSE",NA,153,NA,158,69.112,71.089,51.461,"19.6279342479243",NA,NA,NA,"1",NA,NA,NA,"1","0"
254,2000,5,"adult","FALSE",NA,162,NA,170,65.175,73.173,54.393,"18.7800832503775",NA,NA,NA,"1","yes","yes","weaned","1","1"
254,2001,6,"adult","FALSE",149,161,"146",158,73.173,70.397,58.718,"11.6794878246318",-9,"-12",NA,"3","yes","yes","weaned","1","0"
254,2002,7,"adult","FALSE",146,153,NA,158,70.397,68.097,52.378,"15.718665280213",-12,NA,26.514,"5","yes","no","neoDeath","1","0"
254,2003,8,"adult","FALSE",NA,162,NA,152,68.097,70.623,57.435,"13.1876143646428",NA,NA,NA,"1","yes","yes","weaned","0","1"
254,2004,9,"adult","FALSE",155,160,NA,146,70.623,75.2,60.143,"15.0567406078077",9,NA,31.606,"5",NA,NA,NA,"0","0"
255,2000,5,"prim","TRUE",177,162,NA,170,63.74,62.825,57.418,"5.4061459727515",7,NA,NA,"5","yes","no","neoDeath","1","1"
255,2001,6,"adult","FALSE",NA,161,NA,158,62.825,67.893,55.978,"11.9153410422203",NA,NA,NA,"1","yes","no","notWeaned","1","0"
255,2002,7,"adult","FALSE",184,153,"163",158,67.893,63.538,56.199,"7.3383392306334",26,"11",NA,"2","yes","no","notWeaned","1","1"
255,2003,8,"adult","FALSE",163,162,"160",152,63.538,66.207,53.581,"12.626693540167",11,"14",NA,"2","yes","yes","weaned","0","1"
255,2004,9,"adult","FALSE",160,160,"172",146,66.207,68.579,59.31,"9.269042917952",14,"30",26.861,"3","yes","no","notWeaned","0","1"
255,2005,10,"adult","FALSE",172,149.5,NA,142,68.579,69.346,60.077,"9.2681427903139",30,NA,25.099,"2","yes","no","neoDeath","0","1"
255,2006,11,"adult","FALSE",NA,148.5,NA,134,69.346,69.531,60.371,"9.16019713501299",NA,NA,NA,"1","yes","yes","weaned","0","1"
255,2007,12,"senescent","FALSE",144,145,NA,152,69.531,67.746,55.891,"11.8549512764544",-8,NA,20.14,"5","yes","no","neoDeath","0","0"
255,2008,13,"senescent","FALSE",NA,148,NA,160,67.746,67.823,40.593,"27.2302387035998",NA,NA,NA,"1","yes","no","neoDeath","0","0"
255,2009,14,"senescent","FALSE",NA,140.5,NA,146,67.823,71.23,52.043,"19.1868870728803",NA,NA,NA,"1","yes","yes","weaned","0","1"
255,2010,15,"senescent","FALSE",148,144,NA,150,71.23,70.745,51.617,"19.128624635685",-2,NA,27.532,"3",NA,NA,NA,"0","0"
257,2000,5,"adult","FALSE",151,162,"150",170,72.209,76.276,57.482,"18.793994151954",-19,"-8",30.418,"5","yes","no","notWeaned","1","0"
257,2001,6,"adult","FALSE",150,161,"163",158,76.276,73.43,60.995,"12.4350459278809",-8,"5",NA,"2","yes","yes","weaned","1","0"
257,2002,7,"adult","FALSE",163,153,"170",158,73.43,74.628,61.914,"12.714340670373",5,"18",27.494,"3","yes","no","notWeaned","1","1"
257,2003,8,"adult","FALSE",170,162,"154",152,74.628,76.314,63.964,"12.3504662098567",18,"8",NA,"2","yes","no","notWeaned","0","1"
257,2004,9,"adult","FALSE",154,160,"148",146,76.314,81.629,64.324,"17.3056151148669",8,"6",30.85,"2","yes","yes","weaned","0","0"
257,2005,10,"adult","FALSE",148,149.5,"148",142,81.629,82.496,63.847,"18.6490057827762",6,"14",28.916,"5","yes","yes","weaned","0","0"
257,2006,11,"adult","FALSE",148,148.5,"147",134,82.496,77.983,63.072,"14.9105673629622",14,"-5",32.325,"5","yes","yes","weaned","0","0"
257,2007,12,"senescent","FALSE",147,145,"155",152,77.983,72.308,60.25,"12.0572423286929",-5,"-5",26.832,"5","yes","yes","weaned","0","0"
257,2008,13,"senescent","FALSE",155,148,"163",160,72.308,83.107,56.051,"27.0564252300227",-5,"17",26.691,"5","yes","yes","weaned","0","0"
257,2009,14,"senescent","FALSE",163,140.5,"144",146,83.107,79.169,64.062,"15.1064872033635",17,"-6",31.746,"5","yes","yes","weaned","0","1"
257,2010,15,"senescent","FALSE",144,144,NA,150,79.169,80.951,55.314,"25.6371271666428",-6,NA,26.049,"5","yes","no","neoDeath","0","0"
257,2011,16,"senescent","FALSE",NA,148,NA,151,80.951,79.681,64.452,"15.2286807008546",NA,NA,NA,"1","yes","yes","weaned","0","1"
257,2012,17,"senescent","FALSE",NA,150,NA,146,79.681,NA,NA,NA,NA,NA,NA,"3",NA,NA,NA,"0","1"
259,2000,5,"adult","FALSE",163,162,"161",170,66.727,66.885,58.439,"8.4453715793002",-7,"3",28.339,"5","yes","no","notWeaned","1","1"
259,2001,6,"adult","FALSE",161,161,NA,158,66.885,68.978,58.871,"10.1068573164099",3,NA,31.521,"2","yes","no","neoDeath","1","1"
259,2002,7,"adult","FALSE",NA,153,NA,158,68.978,71.54,49.425,"22.1152462599829",NA,NA,NA,"1","yes","yes","weaned","1","1"
259,2003,8,"adult","FALSE",162,162,"160",152,71.54,71.566,60.647,"10.9186026672197",10,"14",28.661,"3","yes","yes","weaned","0","1"
259,2004,9,"adult","FALSE",160,160,NA,146,71.566,74.684,63.598,"11.0862332910707",14,NA,NA,"5","yes","no","neoDeath","0","1"
259,2005,10,"adult","FALSE",NA,149.5,NA,142,74.684,78.081,61.782,"16.2984480147993",NA,NA,NA,"1","yes","yes","weaned","0","0"
259,2006,11,"adult","FALSE",148,148.5,"152",134,78.081,74.969,63.136,"11.832476479245",14,"0",35.225,"5","yes","yes","weaned","0","0"
259,2007,12,"senescent","FALSE",152,145,"148",152,74.969,71.767,61.991,"9.775768039564",0,"-12",21.296,"3","yes","yes","weaned","0","1"
259,2008,13,"senescent","FALSE",148,148,"138",160,71.767,74.964,54.84,"20.1238540079136",-12,"-8",28.314,"5","yes","no","notWeaned","0","0"
259,2009,14,"senescent","FALSE",138,140.5,NA,146,74.964,NA,NA,NA,-8,NA,NA,"2",NA,NA,NA,"0",NA
268,2000,4,"adult",NA,NA,162,NA,170,53.712,58.255,43.753,"14.5022922214801",NA,NA,NA,"0","no",NA,"noLamb","1","0"
268,2001,5,"adult",NA,NA,161,NA,158,58.255,62.537,50.294,"12.2426768951332",NA,NA,NA,"0","yes","no","neoDeath","1","0"
268,2002,6,"prim","TRUE",NA,153,NA,158,62.537,57.082,42.511,"14.5706659825285",NA,NA,NA,"1","no",NA,"noLamb","1","0"
268,2003,7,"adult",NA,NA,162,NA,152,57.082,60.835,43.939,"16.8958378675455",NA,NA,NA,"0",NA,NA,NA,"0","0"
269,2000,4,"adult",NA,NA,162,NA,170,66.316,69.6,54.829,"14.7704798243654",NA,NA,NA,"0","yes","yes","weaned","1","0"
269,2001,5,"prim","TRUE",161,161,NA,158,69.6,69.91,60.913,"8.99749644498801",3,NA,30.168,"3","yes","no","neoDeath","1","1"
269,2002,6,"adult","FALSE",NA,153,NA,158,69.91,71.625,51.206,"20.4183627283404",NA,NA,NA,"1","yes","yes","weaned","1","1"
269,2003,7,"adult","FALSE",158,162,NA,152,71.625,72.409,59.993,"12.4154192028013",6,NA,NA,"5",NA,NA,NA,"0","1"
270,2000,3,"adult",NA,NA,162,NA,170,52.314,61.245,44.251,"16.9945120597585",NA,NA,NA,"0","yes","yes","weaned","1","0"
270,2001,4,"prim","TRUE",148,161,NA,158,61.245,62.944,50.704,"12.2399999349572",-10,NA,24.046,"5","yes","no","neoDeath","1","0"
270,2002,5,"adult","FALSE",NA,153,NA,158,62.944,63.619,42.759,"20.8597619337372",NA,NA,NA,"1","yes","yes","weaned","1","1"
270,2003,6,"adult","FALSE",159,162,"161",152,63.619,64.878,49.261,"15.6175510373913",7,"15",22.952,"3","yes","yes","weaned","0","0"
270,2004,7,"adult","FALSE",161,160,"157",146,64.878,66.997,54.068,"12.9281398751611",15,"15",26.89,"3","yes","yes","weaned","0","1"
270,2005,8,"adult","FALSE",157,149.5,"184",142,66.997,68.764,53.129,"15.6352516862952",15,"50",25.757,"3","yes","yes","weaned","0","0"
270,2006,9,"adult","FALSE",184,148.5,"149",134,68.764,71.178,58.032,"13.146885003535",50,"-3",20.991,"5","yes","no","notWeaned","0","1"
270,2007,10,"adult","FALSE",149,145,"146",152,71.178,63.354,51.333,"12.0212413665078",-3,"-14",17.465,"2","yes","no","notWeaned","0","0"
270,2008,11,"adult","FALSE",146,148,NA,160,63.354,69.442,48.594,"20.8472441743102",-14,NA,NA,"2",NA,NA,NA,"0","0"
271,2000,4,"adult",NA,NA,162,NA,170,56.291,64.489,49.232,"15.2563738320998",NA,NA,NA,"0",NA,NA,NA,"1","0"
272,2000,3,"adult",NA,NA,162,NA,170,46.929,56.734,38.083,"18.6516059743833",NA,NA,NA,"0","no",NA,"noLamb","1","0"
272,2001,4,"adult",NA,NA,161,NA,158,56.734,62.89,49.375,"13.5152404130708",NA,NA,NA,"0","yes","no","neoDeath","1","0"
272,2002,5,"prim","TRUE",NA,153,NA,158,62.89,63.312,40.165,"23.1466107303885",NA,NA,NA,"1","no",NA,"noLamb","1","0"
272,2003,6,"adult",NA,NA,162,NA,152,63.312,67.872,53.044,"14.8279194172821",NA,NA,NA,"0","yes","yes","weaned","0","0"
272,2004,7,"adult","FALSE",158,160,"161",146,67.872,63.576,50.693,"12.8829038462802",12,"19",NA,"3","yes","yes","weaned","0","0"
272,2005,8,"adult","FALSE",161,149.5,NA,142,63.576,66.514,55.202,"11.3122823360422",19,NA,23.157,"3",NA,NA,NA,"0","1"
277,2000,2,"adult",NA,NA,162,NA,170,NA,54.441,37.5,"16.9412009545129",NA,NA,NA,"0","no",NA,"noLamb","1","0"
277,2001,3,"adult",NA,NA,161,NA,158,54.441,61.92,47.214,"14.7060594383554",NA,NA,NA,"0","yes","no","neoDeath","1","0"
277,2002,4,"prim","TRUE",NA,153,NA,158,61.92,65.417,40.959,"24.4578784966564",NA,NA,NA,"1","yes","yes","weaned","1","1"
277,2003,5,"adult","FALSE",165,162,"200",152,65.417,67.077,52.525,"14.5513702907058",13,"54",23.264,"5","yes","yes","weaned","0","1"
277,2005,7,"adult","FALSE",148,149.5,"153",142,70.811,72.083,55.623,"16.4595320853987",6,"19",29.092,"3","yes","yes","weaned","0","0"
277,2006,8,"adult","FALSE",153,148.5,"146",134,72.083,69.024,58.936,"10.0885819338836",19,"-6",28.043,"3","yes","yes","weaned","0","1"
277,2007,9,"adult","FALSE",146,145,"149",152,69.024,65.691,54.003,"11.6878404892997",-6,"-11",25.162,"3","yes","yes","weaned","0","0"
277,2008,10,"adult","FALSE",149,148,"144",160,65.691,73.173,51.746,"21.4272288803776",-11,"-2",28.981,"5","yes","yes","weaned","0","0"
277,2009,11,"adult","FALSE",144,140.5,NA,146,73.173,71.825,49.952,"21.8726718576948",-2,NA,29.452,"3",NA,NA,NA,"0","0"
278,2000,2,"adult",NA,NA,162,NA,170,NA,57.68,38.76,"18.9206592319302",NA,NA,NA,"0","no",NA,"noLamb","1","0"
278,2001,3,"adult",NA,NA,161,NA,158,57.68,68.897,53.714,"15.182486362565",NA,NA,NA,"0",NA,NA,NA,"1","0"
279,2000,2,"adult",NA,NA,162,NA,170,NA,41.011,26.536,"14.4754103603249",NA,NA,NA,"0","no",NA,"noLamb","1","0"
279,2001,3,"adult",NA,NA,161,NA,158,41.011,51.052,38.562,"12.4898590003448",NA,NA,NA,"0","no",NA,"noLamb","1","0"
279,2002,4,"adult",NA,NA,153,NA,158,51.052,59.711,40.56,"19.1512777695334",NA,NA,NA,"0","no",NA,"noLamb","1","0"
279,2003,5,"adult",NA,NA,162,NA,152,59.711,64.233,47.868,"16.3649214036979",NA,NA,NA,"0","no",NA,"noLamb","0","0"
279,2004,6,"adult",NA,NA,160,NA,146,64.233,67.65,57.528,"10.122031120411",NA,NA,NA,"0","yes","no","notWeaned","0","0"
279,2005,7,"prim","TRUE",151,149.5,"154",142,67.65,69.801,56.832,"12.9688667272832",9,"20",NA,"2","yes","yes","weaned","0","0"
279,2006,8,"adult","FALSE",154,148.5,NA,134,69.801,69.58,57.955,"11.6250933225986",20,NA,24.045,"5",NA,NA,NA,"0","0"
281,2001,2,"adult",NA,NA,161,NA,158,NA,60.533,44.037,"16.4957483538559",NA,NA,NA,"0","no",NA,"noLamb","1","0"
281,2002,3,"adult",NA,NA,153,NA,158,60.533,70.506,48.526,"21.980514464748",NA,NA,NA,"0","yes","yes","weaned","1","0"
281,2003,4,"prim","TRUE",161,162,"160",152,70.506,72.019,58.555,"13.4637780141208",9,"14",23.507,"5","yes","yes","weaned","0","1"
281,2004,5,"adult","FALSE",160,160,"144",146,72.019,74.469,64.696,"9.77295957033439",14,"2",NA,"5","yes","yes","weaned","0","1"
281,2005,6,"adult","FALSE",144,149.5,NA,142,74.469,76.636,61.99,"14.6467229064201",2,NA,34.485,"3","yes","no","neoDeath","0","0"
281,2006,7,"adult","FALSE",NA,148.5,NA,134,76.636,79.027,64.241,"14.7854016427295",NA,NA,NA,"1","yes","yes","weaned","0","0"
281,2007,8,"adult","FALSE",144,145,"145",152,79.027,76.019,63.063,"12.955861701639",-8,"-15",32.375,"5","yes","no","notWeaned","0","0"
281,2008,9,"adult","FALSE",145,148,"138",160,76.019,82.415,61.388,"21.0266661182539",-15,"-8",NA,"2","yes","yes","weaned","0","0"
281,2009,10,"adult","FALSE",138,140.5,"144",146,82.415,79.445,62.423,"17.0215615421225",-8,"-6",NA,"5","yes","yes","weaned","0","0"
281,2010,11,"adult","FALSE",144,144,"138",150,79.445,81.324,60.907,"20.4169209204379",-6,"-13",37.375,"5","yes","yes","weaned","0","0"
281,2011,12,"senescent","FALSE",138,148,"145",151,81.324,80.18,64.349,"15.831913673624",-13,"-1",33.706,"3","yes","yes","weaned","0","0"
281,2012,13,"senescent","FALSE",145,150,NA,146,80.18,78.243,63.128,"15.1155264252092",-1,NA,31.215,"3",NA,NA,NA,"0","0"
282,2001,2,"adult",NA,NA,161,NA,158,NA,58.085,42.236,"15.8489497103849",NA,NA,NA,"0","yes","no","notWeaned","1","0"
282,2002,3,"prim","TRUE",153,153,"161",158,58.085,61.909,42.091,"19.8183374707526",-5,"9",NA,"2","yes","yes","weaned","1","0"
282,2003,4,"adult","FALSE",161,162,"163",152,61.909,65.924,51.219,"14.7048699439714",9,"17",19.675,"3","yes","yes","weaned","0","1"
282,2004,5,"adult","FALSE",163,160,"148",146,65.924,70.448,57.956,"12.4919764759659",17,"6",24.043,"5","yes","yes","weaned","0","1"
282,2005,6,"adult","FALSE",148,149.5,"146",142,70.448,71.876,55.506,"16.370320118946",6,"12",23.552,"3","yes","yes","weaned","0","0"
282,2006,7,"adult","FALSE",146,148.5,"144",134,71.876,73.445,56.623,"16.821644636012",12,"-8",29.11,"3","yes","yes","weaned","0","0"
282,2007,8,"adult","FALSE",144,145,NA,152,73.445,67.731,57.715,"10.0151477361075",-8,NA,20.469,"5","yes","no","neoDeath","0","0"
282,2008,9,"adult","FALSE",NA,148,NA,160,67.731,78.778,50.951,"27.8266083862098",NA,NA,NA,"1",NA,NA,NA,"0","0"
283,2001,2,"adult",NA,NA,161,NA,158,NA,52.072,36.408,"15.6633870617401",NA,NA,NA,"0","yes","yes","weaned","1","0"
283,2002,3,"prim","TRUE",178,153,NA,158,52.072,55.811,42.909,"12.9019205781881",20,NA,19.782,"3","yes","no","neoDeath","1","1"
283,2003,4,"adult","FALSE",NA,162,NA,152,55.811,61.593,45.128,"16.4647458956407",NA,NA,NA,"1","yes","no","neoDeath","0","1"
283,2004,5,"adult","FALSE",NA,160,NA,146,61.593,71.053,57.798,"13.2547330656104",NA,NA,NA,"1","yes","no","neoDeath","0","1"
283,2005,6,"adult","FALSE",NA,149.5,NA,142,71.053,74.201,59.942,"14.2586474531928",NA,NA,NA,"1",NA,NA,NA,"0","0"
284,2002,2,"adult",NA,NA,153,NA,158,NA,59.122,41.369,"17.7526463674205",NA,NA,NA,"0","no",NA,"noLamb","1","0"
284,2003,3,"adult",NA,NA,162,NA,152,59.122,66.64,52.202,"14.4376991585309",NA,NA,NA,"0","yes","no","notWeaned","0","0"
284,2004,4,"prim","TRUE",NA,160,NA,146,66.64,73.794,58.363,"15.4306745659344",NA,NA,NA,"2","yes","no","neoDeath","0","0"
284,2005,5,"adult","FALSE",NA,149.5,NA,142,73.794,79.365,65.195,"14.1700192030051",NA,NA,NA,"1","yes","yes","weaned","0","0"
284,2006,6,"adult","FALSE",147,148.5,"145",134,79.365,77.459,69.27,"8.18905902465069",13,"-7",36.89,"5","yes","yes","weaned","0","0"
284,2007,7,"adult","FALSE",145,145,"143",152,77.459,79.385,65.641,"13.74331620036",-7,"-17",31.666,"3","yes","yes","weaned","0","0"
284,2008,8,"adult","FALSE",143,148,"137",160,79.385,83.04,62.808,"20.2317437865521",-17,"-9",35.45,"5","yes","yes","weaned","0","0"
284,2009,9,"adult","FALSE",137,140.5,"141",146,83.04,81.697,62.707,"18.9894385805253",-9,"-9",33.884,"5","yes","yes","weaned","0","0"
284,2010,10,"adult","FALSE",141,144,"145",150,81.697,83.64,63.653,"19.986381992669",-9,"-6",37.11,"5","yes","yes","weaned","0","0"
284,2011,11,"adult","FALSE",145,148,"164",151,83.64,80.539,63.611,"16.928090379111",-6,"18",28.43,"5","yes","yes","weaned","0","0"
284,2012,12,"senescent","FALSE",164,150,NA,146,80.539,73.379,60.027,"13.3516534702159",18,NA,24.117,"3",NA,NA,NA,"0","1"
285,2002,2,"adult",NA,NA,153,NA,158,NA,49.796,33.916,"15.8804805591204",NA,NA,NA,"0","no",NA,"noLamb","1","0"
285,2003,3,"adult",NA,NA,162,NA,152,49.796,61.045,44.341,"16.7042967934099",NA,NA,NA,"0",NA,NA,NA,"0","0"
286,2002,2,"adult",NA,NA,153,NA,158,NA,51.695,35.137,"16.5578802021051",NA,NA,NA,"0","no",NA,"noLamb","1","0"
286,2003,3,"adult",NA,NA,162,NA,152,51.695,60.876,43.935,"16.9408201386639",NA,NA,NA,"0","yes","yes","weaned","0","0"
286,2004,4,"prim","TRUE",177,160,NA,146,60.876,64.866,54.384,"10.4820536975717",31,NA,NA,"3",NA,NA,NA,"0","1"
287,2003,2,"adult",NA,NA,162,NA,152,NA,62.61,44.773,"17.8376004037703",NA,NA,NA,"0","yes","no","notWeaned","0","0"
287,2004,3,"prim","TRUE",159,160,"148",146,62.61,74.706,60.48,"14.2258775073051",13,"6",NA,"2","yes","yes","weaned","0","1"
287,2005,4,"adult","FALSE",148,149.5,"150",142,74.706,77.351,59.997,"17.3541787540701",6,"16",29.548,"3","yes","yes","weaned","0","0"
287,2006,5,"adult","FALSE",150,148.5,"145",134,77.351,80.152,64.703,"15.4491128755253",16,"-7",31.718,"5","yes","yes","weaned","0","0"
287,2007,6,"adult","FALSE",145,145,"152",152,80.152,79.971,65.346,"14.6249254747043",-7,"-8",32.566,"5","yes","yes","weaned","0","0"
287,2008,7,"adult","FALSE",152,148,"140",160,79.971,84.307,55.863,"28.4447880007766",-8,"-6",29.148,"5","yes","yes","weaned","0","0"
287,2009,8,"adult","FALSE",140,140.5,"150",146,84.307,84.464,61.494,"22.9695142176303",-6,"0",36.08,"5","yes","yes","weaned","0","0"
287,2010,9,"adult","FALSE",150,144,"139",150,84.464,83.359,64.31,"19.0486557880668",0,"-12",38.369,"5","yes","yes","weaned","0","0"
287,2011,10,"adult","FALSE",139,148,"153",151,83.359,83.331,63.794,"19.537448087958",-12,"7",NA,"3","yes","yes","weaned","0","0"
287,2012,11,"adult","FALSE",153,150,"150",146,83.331,80.644,65.406,"15.2376438505621",7,"4",32.532,"3","yes","yes","weaned","0","0"
287,2013,12,"senescent","FALSE",150,156,NA,146,80.644,78.132,65.653,"12.4795110744401",4,NA,32.02,"3","no",NA,"noLamb","1","1"
287,2014,13,"senescent",NA,NA,155.5,NA,152,78.132,80.54,61.427,"19.1123167328805",NA,NA,NA,"0","yes","yes","weaned","0","0"
287,2015,14,"senescent","FALSE",185,147.5,NA,137,80.54,83.914,75.386,"8.52794140047681",48,NA,23.849,"5",NA,NA,NA,"0","1"
288,2003,2,"adult",NA,NA,162,NA,152,NA,53.476,34.281,"19.1943445256415",NA,NA,NA,"0","no",NA,"noLamb","0","0"
288,2004,3,"adult",NA,NA,160,NA,146,53.476,68.622,51.82,"16.8017279554426",NA,NA,NA,"0","yes","no","neoDeath","0","0"
288,2005,4,"prim","TRUE",NA,149.5,NA,142,68.622,73.374,58.768,"14.605502478343",NA,NA,NA,"1","yes","yes","weaned","0","0"
288,2006,5,"adult","FALSE",146,148.5,"163",134,73.374,76.451,62.038,"14.4126586258104",12,"11",33.332,"5","yes","yes","weaned","0","0"
288,2007,6,"adult","FALSE",163,145,"151",152,76.451,73.461,63.329,"10.1323353940384",11,"-9",21.543,"5","yes","yes","weaned","0","1"
288,2008,7,"adult","FALSE",151,148,NA,160,73.461,82.238,57.269,"24.9685531453839",-9,NA,26.757,"5",NA,NA,NA,"0","0"
289,2004,2,"adult",NA,NA,160,NA,146,NA,56.099,40.528,"15.5701141384379",NA,NA,NA,"0","yes","yes","weaned","0","0"
289,2005,3,"prim","TRUE",155,149.5,"149",142,56.099,63.438,47.957,"15.480790616225",13,"15",25.281,"5","yes","yes","weaned","0","0"
289,2006,4,"adult","FALSE",149,148.5,"148",134,63.438,64.677,50.65,"14.026839495771",15,"-4",27.925,"5","yes","yes","weaned","0","0"
289,2007,5,"adult","FALSE",148,145,"148",152,64.677,66.68,54.287,"12.3929425203813",-4,"-12",25.463,"5","yes","yes","weaned","0","0"
289,2008,6,"adult","FALSE",148,148,"139",160,66.68,71.602,48.386,"23.2157981420255",-12,"-7",28.746,"5","yes","yes","weaned","0","0"
289,2009,7,"adult","FALSE",139,140.5,"139",146,71.602,71.641,52.583,"19.0580450474373",-7,"-11",34.366,"3","yes","yes","weaned","0","0"
289,2010,8,"adult","FALSE",139,144,NA,150,71.641,74.07,55.041,"19.0283509490832",-11,NA,30.189,"5","yes","no","neoDeath","0","0"
289,2011,9,"adult","FALSE",NA,148,NA,151,74.07,71.77,54.288,"17.4820836513999",NA,NA,NA,"1","yes","yes","weaned","0","0"
289,2012,10,"adult","FALSE",145,150,NA,146,71.77,72.684,58.245,"14.4387732771589",-1,NA,NA,"5",NA,NA,NA,"0","0"
290,2005,2,"adult",NA,NA,149.5,NA,142,NA,61.64,46.594,"15.0450875261801",NA,NA,NA,"0","yes","no","neoDeath","0","0"
290,2006,3,"prim","TRUE",NA,148.5,NA,134,61.64,70.033,56.768,"13.2648770164631",NA,NA,NA,"1","yes","yes","weaned","0","1"
290,2007,4,"adult","FALSE",145,145,"148",152,70.033,69.275,57.067,"12.2082004897021",-7,"-12",27.448,"3","yes","yes","weaned","0","0"
290,2008,5,"adult","FALSE",148,148,"145",160,69.275,79.111,41.878,"37.2337347157659",-12,"-1",29.358,"5","yes","yes","weaned","0","0"
290,2009,6,"adult","FALSE",145,140.5,"159",146,79.111,78.244,54.79,"23.4545522534582",-1,"9",31.037,"3","yes","yes","weaned","0","0"
290,2010,7,"adult","FALSE",159,144,"144",150,78.244,74.674,63.526,"11.1487222375428",9,"-7",28.207,"5","yes","yes","weaned","0","1"
290,2011,8,"adult","FALSE",144,148,"148",151,74.674,78.243,57.312,"20.9312291039014",-7,"2",30.89,"3","yes","yes","weaned","0","0"
290,2012,9,"adult","FALSE",148,150,"163",146,78.243,75.889,59.217,"16.6716049912383",2,"17",28.102,"5","yes","yes","weaned","0","0"
290,2013,10,"adult","FALSE",163,156,NA,146,75.889,75.502,63.586,"11.9164949223988",17,NA,26.336,"5","yes","no","neoDeath","1","0"
290,2014,11,"adult","FALSE",NA,155.5,NA,152,75.502,NA,NA,NA,NA,NA,NA,"1",NA,NA,NA,"0","0"
291,2005,2,"adult",NA,NA,149.5,NA,142,NA,49.728,37.232,"12.4959182305314",NA,NA,NA,"0","no",NA,"noLamb","0","0"
291,2006,3,"adult",NA,NA,148.5,NA,134,49.728,71.599,51.9,"19.6995423512776",NA,NA,NA,"0","yes","yes","weaned","0","0"
291,2007,4,"prim","TRUE",144,145,"151",152,71.599,71.518,59.235,"12.2832281849843",-8,"-9",NA,"5","yes","yes","weaned","0","0"
291,2008,5,"adult","FALSE",151,148,"140",160,71.518,78.868,51.445,"27.4224133970033",-9,"-6",30.045,"5","yes","yes","weaned","0","0"
291,2009,6,"adult","FALSE",140,140.5,NA,146,78.868,78.697,59.588,"19.1096177508227",-6,NA,31.822,"3",NA,NA,NA,"0","0"
292,2006,2,"adult",NA,NA,148.5,NA,134,NA,60.97,43.136,"17.834237684458",NA,NA,NA,"0",NA,NA,"human","0","0"
292,2007,3,"prim","TRUE",143,145,"168",152,60.97,66.394,54.087,"12.306376016272",-9,"8",NA,"9","yes","yes","weaned","0","0"
292,2008,4,"adult","FALSE",168,148,NA,160,66.394,72.925,59.497,"13.4279294595867",8,NA,14.529,"3","yes","no","neoDeath","0","1"
292,2009,5,"adult","FALSE",NA,140.5,NA,146,72.925,78.9,60.617,"18.2832377747749",NA,NA,NA,"1","yes","no","notWeaned","0","0"
292,2010,6,"adult","FALSE",139,144,"140",150,78.9,79.032,59.402,"19.6295360356835",-11,"-11",NA,"2","yes","yes","weaned","0","0"
292,2011,7,"adult","FALSE",140,148,"154",151,79.032,80.257,60.123,"20.1339250675129",-11,"8",NA,"3","yes","no","notWeaned","0","0"
292,2012,8,"adult","FALSE",154,150,"138",146,80.257,76.285,63.869,"12.4163985647417",8,"-8",10.474,"2","yes","no","notWeaned","0","0"
292,2013,9,"adult","FALSE",138,156,"164",146,76.285,75.181,62.761,"12.4202931951706",-8,"12",NA,"2","yes","yes","weaned","1","0"
292,2014,10,"adult","FALSE",164,155.5,"142",152,75.181,78.705,66.118,"12.5872659641978",12,"5",26.799,"3","yes","yes","weaned","0","0"
292,2015,11,"adult","FALSE",142,147.5,"199",137,78.705,81.875,64.923,"16.952081237928",5,"76",26.601,"5","yes","yes","weaned","0","0"
292,2016,12,"senescent","FALSE",199,149,NA,123,81.875,83.715,75.055,"8.6593341622318",76,NA,16.687,"5",NA,NA,NA,"0","1"
293,2006,2,"adult",NA,NA,148.5,NA,134,NA,60.367,42.55,"17.8168053156604",NA,NA,NA,"0","yes","yes","weaned","0","0"
293,2007,3,"prim","TRUE",143,145,"144",152,60.367,64.059,51.938,"12.1204351247221",-9,"-16",25.467,"5","yes","yes","weaned","0","0"
293,2008,4,"adult","FALSE",144,148,"139",160,64.059,68.793,51.627,"17.1662356826706",-16,"-7",29.446,"3","yes","yes","weaned","0","0"
293,2009,5,"adult","FALSE",139,140.5,"137",146,68.793,73.522,52.57,"20.9523400812381",-7,"-13",31.149,"5","yes","yes","weaned","0","0"
293,2010,6,"adult","FALSE",137,144,"149",150,73.522,75.084,57.503,"17.5810264028205",-13,"-2",NA,"3","yes","yes","weaned","0","0"
293,2011,7,"adult","FALSE",149,148,"138",151,75.084,71.694,51.968,"19.7261300597391",-2,"-8",NA,"3","yes","yes","weaned","0","0"
293,2012,8,"adult","FALSE",138,150,NA,146,71.694,74.872,59.686,"15.1856452757208",-8,NA,29.442,"5",NA,NA,NA,"0","0"
294,2005,2,"adult",NA,NA,149.5,NA,142,NA,48.411,40.387,"8.0242294721563",NA,NA,NA,"0","no",NA,"noLamb","0","0"
294,2006,3,"adult",NA,NA,148.5,NA,134,48.411,62.676,45.688,"16.9876160928207",NA,NA,NA,"0","yes","yes","weaned","0","0"
294,2007,4,"prim","TRUE",168,145,"147",152,62.676,65.26,54.924,"10.3364867049028",16,"-13",NA,"5","yes","yes","weaned","0","1"
294,2008,5,"adult","FALSE",147,148,"149",160,65.26,68.032,44.872,"23.1597754799205",-13,"3",29.991,"5","yes","no","notWeaned","0","0"
294,2009,6,"adult","FALSE",149,140.5,"139",146,68.032,68.792,53.183,"15.6092042581647",3,"-11",NA,"2","yes","yes","weaned","0","1"
294,2010,7,"adult","FALSE",139,144,"149",150,68.792,71.308,56.271,"15.0369478698713",-11,"-2",33.698,"5","yes","yes","weaned","0","0"
294,2011,8,"adult","FALSE",149,148,NA,151,71.308,70.398,52.65,"17.7474856156879",-2,NA,30.069,"5","yes","no","neoDeath","0","1"
294,2012,9,"adult","FALSE",NA,150,NA,146,70.398,73.202,56.93,"16.2724131212245",NA,NA,NA,"1",NA,NA,"human","0","0"
294,2013,10,"adult","FALSE",NA,156,NA,146,73.202,NA,NA,NA,NA,NA,NA,"9",NA,NA,NA,"1",NA
295,2005,3,"prim","TRUE",NA,149.5,NA,142,NA,NA,NA,NA,NA,NA,NA,"4",NA,NA,NA,"0","0"
296,2008,2,"adult",NA,NA,148,NA,160,NA,52.189,35.001,"17.1872333258426",NA,NA,NA,"0",NA,NA,NA,"0","0"
297,2008,2,"adult",NA,NA,148,NA,160,NA,59.639,41.925,"17.7136653296389",NA,NA,NA,"0","yes","yes","weaned","0","0"
297,2009,3,"prim","TRUE",142,140.5,NA,146,59.639,67.576,46.4,"21.176102509882",-4,NA,23.686,"5","yes","no","neoDeath","0","0"
297,2010,4,"adult","FALSE",NA,144,NA,150,67.576,72.682,55.038,"17.6449491911296",NA,NA,NA,"1","yes","yes","weaned","0","0"
297,2011,5,"adult","FALSE",141,148,"143",151,72.682,74.017,53.08,"20.9372045434621",-10,"-3",NA,"5","yes","yes","weaned","0","0"
297,2012,6,"adult","FALSE",143,150,"152",146,74.017,72.183,56.916,"15.2673692329805",-3,"6",NA,"5","yes","no","notWeaned","0","0"
297,2013,7,"adult","FALSE",152,156,"156",146,72.183,74.435,62.267,"12.1672433081419",6,"4",29.11,"2","yes","yes","weaned","1","0"
297,2014,8,"adult","FALSE",156,155.5,"144",152,74.435,72.211,60.442,"11.7688684216906",4,"7",21.299,"5","yes","yes","weaned","0","1"
297,2015,9,"adult","FALSE",144,147.5,NA,137,72.211,76.136,62.863,"13.273286012268",7,NA,29.691,"3","yes","no","neoDeath","0","0"
297,2016,10,"adult","FALSE",NA,149,NA,123,76.136,76.699,63.939,"12.7597886337551",NA,NA,NA,"1","yes","yes","weaned","0","0"
297,2017,11,"adult","FALSE",145,145.5,"151",141,76.699,79.78,60.231,"19.5491457817014",4,"20",NA,"5","yes","no","notWeaned","0","0"
297,2018,12,"senescent","FALSE",151,152,NA,131,79.78,77.412,62.842,"14.5704361626866",20,NA,NA,"2",NA,NA,NA,"0","0"
298,2008,2,"adult",NA,NA,148,NA,160,NA,66.849,46.342,"20.5066293707521",NA,NA,NA,"0","yes","yes","weaned","0","0"
298,2009,3,"prim","TRUE",142,140.5,"144",146,66.849,71.382,50.758,"20.6236113535068",-4,"-6",25.623,"5","yes","yes","weaned","0","0"
298,2010,4,"adult","FALSE",144,144,"148",150,71.382,73.907,52.913,"20.9936511752639",-6,"-3",28.834,"5","yes","yes","weaned","0","0"
298,2011,5,"adult","FALSE",148,148,"153",151,73.907,75.772,54.525,"21.2464404617259",-3,"7",30.544,"5","yes","yes","weaned","0","0"
298,2012,6,"adult","FALSE",153,150,NA,146,75.772,73.916,58.99,"14.9267291525585",7,NA,21.374,"3",NA,NA,NA,"0","0"
299,2008,2,"adult",NA,NA,148,NA,160,NA,65.229,44.447,"20.781951583915",NA,NA,NA,"0","yes","yes","weaned","0","0"
299,2009,3,"prim","TRUE",141,140.5,"141",146,65.229,68.461,48.546,"19.9150355453591",-5,"-9",28.942,"3","yes","yes","weaned","0","0"
299,2010,4,"adult","FALSE",141,144,NA,150,68.461,72.093,47.799,"24.2943089837171",-9,NA,30.177,"3",NA,NA,NA,"0","0"
300,2009,2,"adult",NA,NA,140.5,NA,146,NA,58.941,42.13,"16.8109188223493",NA,NA,NA,"0","yes","yes","weaned","0","0"
300,2010,3,"prim","TRUE",149,144,NA,150,58.941,67.935,48.365,"19.5700027279895",-1,NA,27.928,"5","yes","no","neoDeath","0","0"
300,2011,4,"adult","FALSE",NA,148,NA,151,67.935,71.306,51.114,"20.1918252823635",NA,NA,NA,"1","yes","no","neoDeath","0","0"
300,2012,5,"adult","FALSE",NA,150,NA,146,71.306,72.142,56.542,"15.5996880358342",NA,NA,NA,"1","yes","no","notWeaned","0","0"
300,2013,6,"adult","FALSE",145,156,"152",146,72.142,70.525,57.451,"13.0741944763523",-1,"0",NA,"2","yes","yes","weaned","1","0"
300,2014,7,"adult","FALSE",152,155.5,"148",152,70.525,74.94,53.77,"21.1699846247178",0,"11",29.205,"5","yes","yes","weaned","0","0"
300,2015,8,"adult","FALSE",148,147.5,"149",137,74.94,76.888,60.258,"16.6300881387131",11,"26",29.104,"3","yes","yes","weaned","0","0"
300,2016,9,"adult","FALSE",149,149,"140",123,76.888,77.849,66.453,"11.3954960833887",26,"-1",NA,"5","yes","yes","weaned","0","0"
300,2017,10,"adult","FALSE",140,145.5,"147",141,77.849,77.665,62.2,"15.4652555311291",-1,"16",38.179,"5","yes","yes","weaned","0","0"
300,2018,11,"adult","FALSE",147,152,NA,131,77.665,75.134,58.275,"16.8593503551768",16,NA,29.999,"3",NA,NA,NA,"0","0"
301,2009,2,"adult",NA,NA,140.5,NA,146,NA,55.253,37.892,"17.3606395136949",NA,NA,NA,"0",NA,NA,NA,"0","0"
302,2009,2,"adult",NA,NA,140.5,NA,146,NA,52.968,35.708,"17.2601978438474",NA,NA,NA,"0","yes","yes","weaned","0","0"
302,2010,3,"prim","TRUE",149,144,NA,150,52.968,56.144,49.515,"6.6294832925082",-1,NA,23.134,"5",NA,NA,NA,"0","1"
303,2009,2,"adult",NA,NA,140.5,NA,146,NA,60.678,41.558,"19.1204766262328",NA,NA,NA,"0","yes","yes","weaned","0","0"
303,2010,3,"prim","TRUE",141,144,NA,150,60.678,67.886,48.08,"19.8056230621139",-9,NA,28.749,"5",NA,NA,NA,"0","0"
304,2009,2,"adult",NA,NA,140.5,NA,146,NA,52.497,33.63,"18.8666931488744",NA,NA,NA,"0","yes","yes","weaned","0","0"
304,2010,3,"prim","TRUE",144,144,"195",150,52.497,60.097,43.329,"16.7685230447865",-6,"44",24.649,"5","yes","yes","weaned","0","0"
304,2011,4,"adult","FALSE",195,148,"153",151,60.097,64.378,49.959,"14.4191312320928",44,"7",16.952,"5","yes","yes","weaned","0","1"
304,2012,5,"adult","FALSE",153,150,NA,146,64.378,64.816,49.625,"15.1910836358604",7,NA,21.997,"5",NA,NA,NA,"0","1"
305,2009,2,"adult",NA,NA,140.5,NA,146,NA,56.192,38.114,"18.0771509307108",NA,NA,NA,"0","yes","no","notWeaned","0","0"
305,2010,3,"prim","TRUE",136,144,"149",150,56.192,62.369,42.016,"20.352885972366",-14,"-2",NA,"2","yes","yes","weaned","0","0"
305,2011,4,"adult","FALSE",149,148,"146",151,62.369,67.812,48.269,"19.5426458196952",-2,"0",26.377,"5","yes","yes","weaned","0","0"
305,2012,5,"adult","FALSE",146,150,NA,146,67.812,67.326,49.997,"17.3293430104613",0,NA,25.264,"3","yes","no","neoDeath","0","0"
305,2013,6,"adult","FALSE",NA,156,NA,146,67.326,67.487,54.109,"13.3779082253404",NA,NA,NA,"1","yes","yes","weaned","1","0"
305,2014,7,"adult","FALSE",155,155.5,"154",152,67.487,65.864,56.603,"9.2604549233215",3,"17",24.296,"5","yes","yes","weaned","0","0"
305,2015,8,"adult","FALSE",154,147.5,"145",137,65.864,70.868,55.965,"14.9028462514833",17,"22",NA,"5","yes","yes","weaned","0","0"
305,2016,9,"adult","FALSE",145,149,"143",123,70.868,69.338,58.04,"11.2981825937857",22,"2",31.661,"5","yes","yes","weaned","0","0"
305,2017,10,"adult","FALSE",143,145.5,"150",141,69.338,69.608,51.798,"17.8098710410278",2,"19",31.164,"5","yes","no","notWeaned","0","0"
305,2018,11,"adult","FALSE",150,152,"146",131,69.608,65.156,52.615,"12.5413499425997",19,"2",26.356,"2","yes","no","notWeaned","0","0"
305,2019,12,"senescent","FALSE",146,155,NA,144,65.156,66.569,46.903,"19.6655961401655",2,NA,NA,"2",NA,NA,NA,"0","0"
306,2008,2,"adult",NA,NA,148,NA,160,NA,61.847,41.525,"20.3220791071661",NA,NA,NA,"0","no",NA,"noLamb","0","0"
306,2009,3,"adult",NA,NA,140.5,NA,146,61.847,69.572,53.272,"16.3000786123143",NA,NA,NA,"0","yes","yes","weaned","0","0"
306,2010,4,"prim","TRUE",147,144,NA,150,69.572,60.792,44.255,"16.5363792993942",-3,NA,25.772,"5","yes","no","neoDeath","0","0"
306,2011,5,"adult","FALSE",NA,148,NA,151,60.792,75.907,54.476,"21.4304724074099",NA,NA,NA,"1","yes","yes","weaned","0","0"
306,2012,6,"adult","FALSE",146,150,"151",146,75.907,70.933,56.159,"14.7738449459342",0,"5",28.809,"5","yes","yes","weaned","0","0"
306,2013,7,"adult","FALSE",151,156,NA,146,70.933,70.206,57.602,"12.6047695753297",5,NA,25.176,"5","yes","no","neoDeath","1","0"
306,2014,8,"adult","FALSE",NA,155.5,NA,152,70.206,75.41,54.96,"20.4501362736092",NA,NA,NA,"1","yes","yes","weaned","0","0"
306,2015,9,"adult","FALSE",147,147.5,"144",137,75.41,80.357,63.609,"16.7483697279292",10,"21",27.841,"5","yes","yes","weaned","0","0"
306,2016,10,"adult","FALSE",144,149,"142",123,80.357,77.167,67.219,"9.94793340013649",21,"1",31.272,"5","yes","yes","weaned","0","0"
306,2017,11,"adult","FALSE",142,145.5,"150",141,77.167,79.946,61.41,"18.5359587175577",1,"19",34.476,"5","yes","yes","weaned","0","0"
306,2018,12,"senescent","FALSE",150,152,NA,131,79.946,80.979,63.793,"17.1866703789988",19,NA,29.711,"3","yes","no","neoDeath","0","0"
306,2019,13,"senescent","FALSE",NA,155,NA,144,80.979,79.981,66.079,"13.9018074067531",NA,NA,NA,"1","yes","no","neoDeath","0","1"
306,2020,14,"senescent","FALSE",NA,173.5,NA,139,79.981,78.143,52.37,"25.7730690766826",NA,NA,NA,"1","yes","no","neoDeath","0","1"
307,2008,2,"adult",NA,NA,148,NA,160,NA,56.482,35.761,"20.7212036760385",NA,NA,NA,"0","no",NA,"noLamb","0","0"
307,2009,3,"adult",NA,NA,140.5,NA,146,56.482,66.142,49.003,"17.1392662032587",NA,NA,NA,"0","yes","yes","weaned","0","0"
307,2010,4,"prim","TRUE",149,144,"171",150,66.142,65.446,49.385,"16.0605805545611",-1,"20",29.788,"5","yes","yes","weaned","0","0"
307,2011,5,"adult","FALSE",171,148,NA,151,65.446,72.482,54.402,"18.0800640128162",20,NA,23.069,"5","yes","no","neoDeath","0","1"
307,2012,6,"adult","FALSE",NA,150,NA,146,72.482,71.869,58.277,"13.5915818136826",NA,NA,NA,"1","yes","no","notWeaned","0","0"
307,2013,7,"adult","FALSE",155,156,NA,146,71.869,70.828,58.865,"11.9631208572376",9,NA,28.276,"2","yes","no","neoDeath","1","0"
307,2014,8,"adult","FALSE",NA,155.5,NA,152,70.828,75.867,57.456,"18.4107897782762",NA,NA,NA,"1","yes","yes","weaned","0","0"
307,2015,9,"adult","FALSE",144,147.5,"164",137,75.867,76.543,58.814,"17.7292120782451",7,"41",26.136,"5","yes","yes","weaned","0","0"
307,2016,10,"adult","FALSE",164,149,"146",123,76.543,77.752,67.965,"9.78707201297479",41,"5",NA,"3","yes","yes","weaned","0","0"
307,2017,11,"adult","FALSE",146,145.5,NA,141,77.752,77.835,59.733,"18.1021562573925",5,NA,32.623,"5","yes","no","neoDeath","0","0"
307,2018,12,"senescent","FALSE",NA,152,NA,131,77.835,75.246,64.281,"10.9654255536175",NA,NA,NA,"1",NA,NA,NA,"0","0"
308,2010,2,"adult",NA,NA,144,NA,150,NA,64.003,44.87,"19.1326436926289",NA,NA,NA,"0","yes","yes","weaned","0","0"
308,2011,3,"prim","TRUE",148,148,NA,151,64.003,66.191,47.305,"18.8859975519394",-3,NA,27.418,"5",NA,NA,NA,"0","0"
309,2010,2,"adult",NA,NA,144,NA,150,NA,60.867,43.619,"17.2482526484256",NA,NA,NA,"0","yes","yes","weaned","0","0"
309,2011,3,"prim","TRUE",163,148,"153",151,60.867,65.496,47.918,"17.5782135475632",12,"7",24.776,"5","yes","no","notWeaned","0","1"
309,2012,4,"adult","FALSE",153,150,"161",146,65.496,66.023,50.873,"15.1505106867862",7,"15",NA,"2","yes","yes","weaned","0","1"
309,2013,5,"adult","FALSE",161,156,NA,146,66.023,68.572,55.665,"12.906878255702",15,NA,25.504,"3","yes","no","neoDeath","1","0"
309,2014,6,"adult","FALSE",NA,155.5,NA,152,68.572,72.022,55.095,"16.9269049761449",NA,NA,NA,"1","yes","no","neoDeath","0","0"
309,2015,7,"adult","FALSE",NA,147.5,NA,137,72.022,69.823,58.545,"11.277488643435",NA,NA,NA,"1",NA,NA,NA,"0","0"
310,2010,2,"adult",NA,NA,144,NA,150,NA,59.778,42.612,"17.1660340755165",NA,NA,NA,"0","no",NA,"noLamb","0","0"
310,2011,3,"adult",NA,NA,148,NA,151,59.778,68.638,53.205,"15.4336259111563",NA,NA,NA,"0","yes","no","notWeaned","0","0"
310,2012,4,"prim","TRUE",150,150,NA,146,68.638,NA,NA,NA,4,NA,NA,"2",NA,NA,NA,"0","0"
311,2011,2,"adult",NA,NA,148,NA,151,NA,62.757,43.973,"18.783310476656",NA,NA,NA,"0","yes","yes","weaned","0","0"
311,2012,3,"prim","TRUE",149,150,NA,146,62.757,64.473,48.212,"16.2610798404196",3,NA,NA,"3","yes","no","neoDeath","0","0"
311,2013,4,"adult","FALSE",NA,156,NA,146,64.473,69.772,57.889,"11.8831811207124",NA,NA,NA,"1","yes","no","neoDeath","1","0"
311,2014,5,"adult","FALSE",NA,155.5,NA,152,69.772,73.278,50.056,"23.2226988238467",NA,NA,NA,"1","yes","yes","weaned","0","0"
311,2015,6,"adult","FALSE",141,147.5,"147",137,73.278,75.627,59.608,"16.019068744535",4,"24",28.594,"3","yes","yes","weaned","0","0"
311,2016,7,"adult","FALSE",147,149,NA,123,75.627,76.816,66.248,"10.5682553716858",24,NA,NA,"5","yes","yes","weaned","0","0"
311,2017,8,"adult","FALSE",NA,145.5,NA,141,76.816,80.362,63.385,"16.9766002742595",NA,NA,NA,"5","yes","yes","weaned","0","0"
311,2018,9,"adult","FALSE",148,152,NA,131,80.362,78.532,62.873,"15.6590756237229",17,NA,NA,"3","no",NA,"noLamb","0","0"
311,2019,10,"adult",NA,NA,155,NA,144,78.532,NA,NA,NA,NA,NA,NA,"0",NA,NA,NA,"0","0"
312,2011,2,"adult",NA,NA,148,NA,151,NA,64.713,44.147,"20.5665800870099",NA,NA,NA,"0","no",NA,"noLamb","0","0"
312,2012,3,"adult",NA,NA,150,NA,146,64.713,70.313,53.63,"16.6834939790723",NA,NA,NA,"0","yes","yes","weaned","0","0"
312,2013,4,"prim","TRUE",157,156,NA,146,70.313,73.354,63.569,"9.785070394805",11,NA,24.498,"5","yes","no","neoDeath","1","1"
312,2014,5,"adult","FALSE",NA,155.5,NA,152,73.354,76.078,58.004,"18.0748483767915",NA,NA,NA,"1","yes","yes","weaned","0","0"
312,2015,6,"adult","FALSE",148,147.5,"150",137,76.078,77.783,61.093,"16.6895692255958",11,"27",NA,"5","yes","yes","weaned","0","0"
312,2016,7,"adult","FALSE",150,149,NA,123,77.783,80.954,70.403,"10.5511967578188",27,NA,NA,"5","yes","no","neoDeath","0","0"
312,2017,8,"adult","FALSE",NA,145.5,NA,141,80.954,82.875,62.967,"19.90854966624",NA,NA,NA,"1","yes","yes","weaned","0","0"
312,2018,9,"adult","FALSE",151,152,"166",131,82.875,75.691,60.525,"15.1658611641321",20,"22",NA,"3","yes","no","notWeaned","0","0"
312,2019,10,"adult","FALSE",166,155,NA,144,75.691,78.242,65.316,"12.9254889214409",22,NA,NA,"2","no",NA,"noLamb","0","1"
312,2020,11,"adult",NA,NA,173.5,NA,139,78.242,81.654,56.974,"24.6797921480721",NA,NA,NA,"0","yes","yes","weaned","0","0"
313,2011,2,"adult",NA,NA,148,NA,151,NA,65.546,48.555,"16.9911104088535",NA,NA,NA,"0","yes","yes","weaned","0","0"
313,2012,3,"prim","TRUE",151,150,NA,146,65.546,69.309,52.982,"16.3263817309046",5,NA,NA,"3",NA,NA,NA,"0","0"
314,2011,2,"adult",NA,NA,148,NA,151,NA,54.518,37.302,"17.2161979934697",NA,NA,NA,"0",NA,NA,NA,"0","0"
315,2011,2,"adult",NA,NA,148,NA,151,NA,57.612,40.679,"16.9327015714349",NA,NA,NA,"0","yes","yes","weaned","0","0"
315,2012,3,"prim","TRUE",183,150,"159",146,57.612,66.95,52.038,"14.9119179213795",37,"13",NA,"5","yes","yes","weaned","0","0"
315,2013,4,"adult","FALSE",159,156,NA,146,66.95,67.979,54.98,"12.9996707638448",13,NA,22.472,"5","yes","no","neoDeath","1","0"
315,2014,5,"adult","FALSE",NA,155.5,NA,152,67.979,71.204,49.595,"21.6094144631592",NA,NA,NA,"1","yes","no","notWeaned","0","0"
315,2015,6,"adult","FALSE",NA,147.5,NA,137,71.204,74.887,57.538,"17.3489494453366",NA,NA,NA,"2","yes","yes","weaned","0","0"
315,2016,7,"adult","FALSE",148,149,"144",123,74.887,73.885,62.284,"11.601263449289",25,"3",31.28,"5","yes","yes","weaned","0","0"
315,2017,8,"adult","FALSE",144,145.5,NA,141,73.885,77.68,57.785,"19.8954067582486",3,NA,29.269,"5","yes","no","neoDeath","0","0"
315,2018,9,"adult","FALSE",NA,152,NA,131,77.68,77.941,60.822,"17.1197604390024",NA,NA,NA,"1","yes","no","neoDeath","0","0"
315,2019,10,"adult","FALSE",NA,155,NA,144,77.941,77.264,58.301,"18.9627312632348",NA,NA,NA,"1","yes","no","neoDeath","0","0"
315,2020,11,"adult","FALSE",NA,173.5,NA,139,77.264,78.527,51.936,"26.5906355890157",NA,NA,NA,"1","yes","no","notWeaned","0","0"
316,2012,2,"adult",NA,NA,150,NA,146,NA,58.037,42.843,"15.1941870596461",NA,NA,NA,"0","yes","yes","weaned","0","0"
316,2013,3,"prim","TRUE",159,156,NA,146,58.037,63.077,49.023,"14.0533736573565",13,NA,23.263,"5","no",NA,"noLamb","1","0"
316,2014,4,"adult",NA,NA,155.5,NA,152,63.077,69.868,49.862,"20.0058965734645",NA,NA,NA,"0","yes","no","neoDeath","0","0"
316,2015,5,"adult","FALSE",NA,147.5,NA,137,69.868,70.663,53.645,"17.0179852747317",NA,NA,NA,"1","yes","no","neoDeath","0","0"
316,2016,6,"adult","FALSE",NA,149,NA,123,70.663,74.275,60.315,"13.9599949800578",NA,NA,NA,"1","yes","yes","weaned","0","0"
316,2017,7,"adult","FALSE",142,145.5,"159",141,74.275,73.402,58.268,"15.1338466276119",1,"28",NA,"5","yes","yes","weaned","0","0"
316,2018,8,"adult","FALSE",159,152,NA,131,73.402,71.221,57.59,"13.6303112724617",28,NA,27.281,"3",NA,NA,NA,"0","1"
317,2012,2,"adult",NA,NA,150,NA,146,NA,55.916,38.085,"17.8307274456255",NA,NA,NA,"0",NA,NA,NA,"0","0"
318,2012,2,"adult",NA,NA,150,NA,146,NA,53.153,36.851,"16.3021495710658",NA,NA,NA,"0","no",NA,"noLamb","0","0"
318,2013,3,"adult",NA,NA,156,NA,146,53.153,60.81,46.731,"14.0783520844666",NA,NA,NA,"0","no",NA,"noLamb","1","0"
318,2014,4,"adult",NA,NA,155.5,NA,152,60.81,66.684,50.9,"15.78429306837",NA,NA,NA,"0","yes","no","notWeaned","0","0"
318,2015,5,"prim","TRUE",149,147.5,"148",137,66.684,69.552,52.471,"17.0809110249172",12,"25",NA,"2","yes","yes","weaned","0","0"
318,2016,6,"adult","FALSE",148,149,NA,123,69.552,67.6,56.016,"11.5838263200339",25,NA,33.021,"5",NA,NA,NA,"0","0"
319,2012,2,"adult",NA,NA,150,NA,146,NA,62.782,46.778,"16.0038171339838",NA,NA,NA,"0","yes","no","notWeaned","0","0"
319,2013,3,"prim","TRUE",173,156,NA,146,62.782,69.435,57.548,"11.8870701511668",27,NA,NA,"2","no",NA,"noLamb","1","1"
319,2014,4,"adult",NA,NA,155.5,NA,152,69.435,75.895,54.344,"21.5505795424184",NA,NA,NA,"0","yes","no","notWeaned","0","0"
319,2015,5,"adult","FALSE",141,147.5,NA,137,75.895,NA,NA,NA,4,NA,NA,"2",NA,NA,NA,"0",NA
320,2012,2,"adult",NA,NA,150,NA,146,NA,54.614,36.734,"17.8804189099141",NA,NA,NA,"0","no",NA,"noLamb","0","0"
320,2013,3,"adult",NA,NA,156,NA,146,54.614,62.292,48.112,"14.1802541532629",NA,NA,NA,"0","no",NA,"noLamb","1","0"
320,2014,4,"adult",NA,NA,155.5,NA,152,62.292,71.136,50.247,"20.8889385298038",NA,NA,NA,"0","yes","yes","weaned","0","0"
320,2015,5,"prim","TRUE",164,147.5,"143",137,71.136,70.775,62.614,"8.16051896643179",27,"20",23.527,"5","yes","yes","weaned","0","1"
320,2016,6,"adult","FALSE",143,149,"141",123,70.775,74.238,61.538,"12.7005031747092",20,"0",33.013,"5","yes","yes","weaned","0","0"
320,2017,7,"adult","FALSE",141,145.5,"148",141,74.238,75.749,57.013,"18.7357487923912",0,"17",36.316,"5","yes","yes","weaned","0","0"
320,2018,8,"adult","FALSE",148,152,"156",131,75.749,71.207,55.618,"15.5882191750159",17,"12",27.841,"5","yes","yes","weaned","0","0"
320,2019,9,"adult","FALSE",156,155,NA,144,71.207,69.863,57.561,"12.3019250559593",12,NA,24.481,"3",NA,NA,NA,"0","1"
321,2012,2,"adult",NA,NA,150,NA,146,NA,46.721,29.217,"17.5034356505441",NA,NA,NA,"0","no",NA,"noLamb","0","0"
321,2013,3,"adult",NA,NA,156,NA,146,46.721,57.736,43.159,"14.5765267023089",NA,NA,NA,"0","no",NA,"noLamb","1","0"
321,2014,4,"adult",NA,NA,155.5,NA,152,57.736,62.747,55.643,"7.1041464253994",NA,NA,NA,"0","yes","yes","weaned","0","1"
321,2015,5,"prim","TRUE",144,147.5,"145",137,62.747,65.527,51.348,"14.1795992141065",7,"22",24.578,"5","yes","yes","weaned","0","0"
321,2016,6,"adult","FALSE",145,149,"151",123,65.527,65.613,53.169,"12.4436985284848",22,"10",33.347,"3","yes","yes","weaned","0","0"
321,2017,7,"adult","FALSE",151,145.5,"151",141,65.613,67.213,51.983,"15.2299467822164",10,"20",34.816,"5","yes","no","notWeaned","0","0"
321,2018,8,"adult","FALSE",151,152,"155",131,67.213,68.181,52.615,"15.5656603262927",20,"11",24.854,"2","yes","yes","weaned","0","0"
321,2019,9,"adult","FALSE",155,155,NA,144,68.181,66.912,50.648,"16.2647612152457",11,NA,22.633,"3",NA,NA,NA,"0","0"
322,2013,2,"adult",NA,NA,156,NA,146,NA,54.903,39.543,"15.360341445014",NA,NA,NA,"0","no",NA,"noLamb","1","0"
322,2014,3,"adult",NA,NA,155.5,NA,152,54.903,61.66,43.885,"17.7743880986117",NA,NA,NA,"0","yes","yes","weaned","0","0"
322,2015,4,"prim","TRUE",144,147.5,"148",137,61.66,64.331,48.927,"15.4043951785974",7,"25",26.73,"5","yes","yes","weaned","0","0"
322,2016,5,"adult","FALSE",148,149,"151",123,64.331,66.689,54.181,"12.5085682030867",25,"10",31.067,"5","yes","yes","weaned","0","0"
322,2017,6,"adult","FALSE",151,145.5,"155",141,66.689,69.732,51.451,"18.2801071862214",10,"24",32.669,"5","yes","yes","weaned","0","0"
322,2018,7,"adult","FALSE",155,152,NA,131,69.732,69.039,53.412,"15.6269661622603",24,NA,NA,"5",NA,NA,NA,"0","0"
323,2013,2,"adult",NA,NA,156,NA,146,NA,52.08,36.61,"15.4699208181724",NA,NA,NA,"0","no",NA,"noLamb","1","0"
323,2014,3,"adult",NA,NA,155.5,NA,152,52.08,62.595,41.51,"21.0845518874548",NA,NA,NA,"0","no",NA,"noLamb","0","0"
323,2015,4,"adult",NA,NA,147.5,NA,137,62.595,72.99,54.818,"18.1718082839558",NA,NA,NA,"0","yes","yes","weaned","0","0"
323,2016,5,"prim","TRUE",167,149,"146",123,72.99,72.625,66.864,"5.7606541715424",44,"5",22.86,"5","yes","yes","weaned","0","0"
323,2017,6,"adult","FALSE",146,145.5,NA,141,72.625,74.497,55.611,"18.8858123749741",5,NA,29.463,"5","no",NA,"noLamb","0","0"
323,2018,7,"adult",NA,NA,152,NA,131,74.497,76.101,60.66,"15.4407478738972",NA,NA,NA,"0","yes","no","neoDeath","0","0"
323,2019,8,"adult","FALSE",NA,155,NA,144,76.101,79.116,60.457,"18.6586823158426",NA,NA,NA,"1",NA,NA,NA,"0","0"
324,2013,2,"adult",NA,NA,156,NA,146,NA,53.532,37.329,"16.2032601756595",NA,NA,NA,"0","no",NA,"noLamb","1","0"
324,2014,3,"adult",NA,NA,155.5,NA,152,53.532,62.782,40.805,"21.9775280048206",NA,NA,NA,"0","no",NA,"noLamb","0","0"
324,2015,4,"adult",NA,NA,147.5,NA,137,62.782,72.786,56.26,"16.5255153546641",NA,NA,NA,"0","yes","no","neoDeath","0","0"
324,2016,5,"prim","TRUE",153,149,"142",123,72.786,70.17,63.148,"7.0217801550468",30,"1",NA,"1","yes","yes","weaned","0","1"
324,2017,6,"adult","FALSE",142,145.5,"156",141,70.17,75.852,56.558,"19.2943372107838",1,"25",31.221,"5","yes","yes","weaned","0","0"
324,2018,7,"adult","FALSE",156,152,NA,131,75.852,69.133,58.028,"11.1049204220006",25,NA,27.141,"3","no",NA,"noLamb","0","1"
324,2019,8,"adult",NA,NA,155,NA,144,69.133,75.829,56.14,"19.6890841083272",NA,NA,NA,"0",NA,NA,NA,"0","0"
325,2013,2,"adult",NA,NA,156,NA,146,NA,55.406,40.081,"15.3243777421863",NA,NA,NA,"0","no",NA,"noLamb","1","0"
325,2014,3,"adult",NA,NA,155.5,NA,152,55.406,61.891,44.041,"17.8503613084045",NA,NA,NA,"0",NA,NA,NA,"0","0"
326,2014,2,"adult",NA,NA,155.5,NA,152,NA,60.666,38.394,"22.2721945850957",NA,NA,NA,"0","no",NA,"noLamb","0","0"
326,2015,3,"adult",NA,NA,147.5,NA,137,60.666,71.828,56.522,"15.3055790667103",NA,NA,NA,"0","yes","yes","weaned","0","0"
326,2016,4,"prim","TRUE",146,149,"146",123,71.828,73.259,59.815,"13.4440749698389",23,"5",29.128,"5","yes","yes","weaned","0","0"
326,2017,5,"adult","FALSE",146,145.5,NA,141,73.259,78.093,57.431,"20.6618832568356",5,NA,32.751,"5",NA,NA,NA,"0","0"
327,2014,2,"adult",NA,NA,155.5,NA,152,NA,NA,NA,NA,NA,NA,NA,"0",NA,NA,NA,"0","0"
328,2014,2,"adult",NA,NA,155.5,NA,152,NA,63.808,44.726,"19.0822654882621",NA,NA,NA,"0","yes","yes","weaned","0","0"
328,2015,3,"prim","TRUE",148,147.5,"166",137,63.808,72.384,52.994,"19.3902859606596",11,"43",26.858,"3","yes","yes","weaned","0","0"
328,2016,4,"adult","FALSE",166,149,NA,123,72.384,79.951,72.388,"7.5638051035435",43,NA,NA,"5","no",NA,"noLamb","0","0"
328,2017,5,"adult",NA,NA,145.5,NA,141,79.951,91.907,69.759,"22.1476613729715",NA,NA,NA,"0","yes","yes","weaned","0","1"
328,2018,6,"adult","FALSE",151,152,NA,131,91.907,82.495,65.351,"17.1437510545124",20,NA,29.664,"5","yes","no","neoDeath","0","0"
328,2019,7,"adult","FALSE",NA,155,NA,144,82.495,81.915,63.202,"18.7130692826571",NA,NA,NA,"1","yes","yes","weaned","0","1"
328,2020,8,"adult","FALSE",168,173.5,"160",139,81.915,83.108,55.503,"27.6048508571164",29,NA,NA,"3",NA,NA,"human","0","0"
329,2015,2,"adult",NA,NA,147.5,NA,137,NA,53.151,33.337,"19.8141180514035",NA,NA,NA,"0","yes","no","notWeaned","0","0"
329,2016,3,"prim","TRUE",150,149,"143",123,53.151,60.619,46.24,"14.3781716528031",27,"2",NA,"2","yes","yes","weaned","0","0"
329,2017,4,"adult","FALSE",143,145.5,"149",141,60.619,63.53,48.304,"15.2260722662072",2,"18",34.181,"3","yes","yes","weaned","0","0"
329,2018,5,"adult","FALSE",149,152,NA,131,63.53,63.901,47.839,"16.0626917352883",18,NA,27.612,"5","no",NA,"noLamb","0","0"
329,2019,6,"adult",NA,NA,155,NA,144,63.901,67.657,51.964,"15.6928596231279",NA,NA,NA,"0",NA,NA,NA,"0","0"
330,2015,2,"adult",NA,NA,147.5,NA,137,NA,61.965,43.807,"18.1584824321727",NA,NA,NA,"0","yes","yes","weaned","0","0"
330,2017,4,"adult",NA,NA,145.5,NA,141,76.948,76.47,55.116,"21.353831336866",NA,NA,NA,"0","yes","yes","weaned","0","0"
330,2018,5,"adult","FALSE",146,152,NA,131,76.47,76.903,60.997,"15.9057554266938",15,NA,26.024,"3","no",NA,"noLamb","0","0"
330,2019,6,"adult",NA,NA,155,NA,144,76.903,77.907,59.368,"18.5395429698195",NA,NA,NA,"0","no",NA,"noLamb","0","0"
330,2020,7,"adult",NA,NA,173.5,NA,139,77.907,81.398,54.405,"26.9934940242424",NA,NA,NA,"0","yes","no","neoDeath","0","0"
331,2015,2,"adult",NA,NA,147.5,NA,137,NA,54.329,36.596,"17.7329956970897",NA,NA,NA,"0","no",NA,"noLamb","0","0"
331,2016,3,"adult",NA,NA,149,NA,123,54.329,67.889,52.704,"15.184386958998",NA,NA,NA,"0","yes","yes","weaned","0","0"
331,2017,4,"prim","TRUE",145,145.5,"177",141,67.889,68.218,50.782,"17.4355104592974",4,"46",33.367,"5","yes","yes","weaned","0","0"
331,2018,5,"adult","FALSE",177,152,NA,131,68.218,68.011,55.161,"12.8503958818533",46,NA,19.545,"3","yes","no","neoDeath","0","1"
331,2019,6,"adult","FALSE",NA,155,NA,144,68.011,67.495,49.898,"17.5968376053397",NA,NA,NA,"1","yes","no","neoDeath","0","0"
331,2020,7,"adult","FALSE",NA,173.5,NA,139,67.495,72.248,48.326,"23.921971260921",NA,NA,NA,"1","yes","yes","weaned","0","0"
332,2015,2,"adult",NA,NA,147.5,NA,137,NA,60.594,38.809,"21.7847366663753",NA,NA,NA,"0","yes","yes","weaned","0","0"
332,2017,4,"adult","FALSE",150,145.5,"156",141,71.816,72.582,52.674,"19.9078412601774",9,"25",27.661,"5","yes","yes","weaned","0","0"
332,2018,5,"adult","FALSE",156,152,NA,131,72.582,70.131,62.506,"7.62491282437101",25,NA,29.32,"5",NA,NA,NA,"0","1"
333,2016,2,"adult",NA,NA,149,NA,123,NA,61.237,48.414,"12.8230341568861",NA,NA,NA,"0","yes","yes","weaned","0","0"
333,2017,3,"prim","TRUE",139,145.5,NA,141,61.237,65.96,48.034,"17.9256961250307",-2,NA,35.75,"5",NA,NA,NA,"0","0"
334,2016,2,"adult",NA,NA,149,NA,123,NA,57.623,45.344,"12.278942104824",NA,NA,NA,"0","yes","yes","weaned","0","0"
334,2017,3,"prim","TRUE",146,145.5,NA,141,57.623,62.156,45.896,"16.2595301175469",5,NA,26.984,"5",NA,NA,NA,"0","0"
335,2016,2,"adult",NA,NA,149,NA,123,NA,58.546,43.802,"14.7433561776491",NA,NA,NA,"0","yes","yes","weaned","0","0"
335,2017,3,"prim","TRUE",150,145.5,NA,141,58.546,62.537,45.234,"17.3029020263603",9,NA,NA,"5","no",NA,"noLamb","0","0"
335,2018,4,"adult",NA,NA,152,NA,131,62.537,69.386,51.852,"17.5341718976678",NA,NA,NA,"0","yes","yes","weaned","0","0"
335,2019,5,"adult","FALSE",151,155,NA,144,69.386,68.248,48.699,"19.5495888815",7,NA,23.735,"3","no",NA,"noLamb","0","0"
335,2020,6,"adult",NA,NA,173.5,NA,139,68.248,76.406,50.289,"26.1170970937084",NA,NA,NA,"0","yes","no","notWeaned","0","0"
336,2017,NA,"adult",NA,NA,145.5,NA,141,NA,65.442,47.582,"17.8601380499076",NA,NA,NA,NA,NA,NA,NA,"0",NA
337,2017,2,"adult",NA,NA,145.5,NA,141,NA,63.07,44.103,"18.9672253745373",NA,NA,NA,"0","yes","yes","weaned","0","0"
337,2018,3,"prim","TRUE",165,152,"192",131,63.07,66.361,55.308,"11.0528809135067",34,"48",20.801,"3","yes","yes","weaned","0","1"
337,2019,4,"adult","FALSE",192,155,NA,144,66.361,69.01,54.801,"14.2094844137301",48,NA,19.417,"3","no",NA,"noLamb","0","1"
337,2020,5,"adult",NA,NA,173.5,NA,139,69.01,73.443,43.728,"29.7151048151142",NA,NA,NA,"0","yes","yes","weaned","0","0"
338,2017,2,"adult",NA,NA,145.5,NA,141,NA,67.675,46.467,"21.2073380225433",NA,NA,NA,"0","yes","yes","weaned","0","0"
338,2018,3,"prim","TRUE",153,152,NA,131,67.675,68.922,54.574,"14.3479645613729",22,NA,23.84,"3","no",NA,"noLamb","0","0"
338,2019,4,"adult",NA,NA,155,NA,144,68.922,72.713,60.823,"11.8892421439404",NA,NA,NA,"0","yes","yes","weaned","0","0"
338,2020,5,"adult","FALSE",179,173.5,"160",139,72.713,74.282,46.644,"27.6377021005802",40,NA,NA,"5","yes","no","notWeaned","0","0"
339,2017,2,"adult",NA,NA,145.5,NA,141,NA,58.389,42.415,"15.9735360842703",NA,NA,NA,"0","yes","yes","weaned","0","0"
339,2018,3,"prim","TRUE",182,152,NA,131,58.389,63.094,52.244,"10.8501177362817",51,NA,NA,"3","no",NA,"noLamb","0","1"
339,2019,4,"adult",NA,NA,155,NA,144,63.094,67,48.971,"18.0286964642245",NA,NA,NA,"0","no",NA,"noLamb","0","0"
339,2020,5,"adult",NA,NA,173.5,NA,139,67,70.191,44.231,"25.9593626919984",NA,NA,NA,"0","yes","yes","weaned","0","0"
340,2017,2,"adult",NA,NA,145.5,NA,141,NA,56.31,40.207,"16.1033398543734",NA,NA,NA,"0","yes","yes","weaned","0","0"
340,2018,3,"prim","TRUE",173,152,NA,131,56.31,62.359,52.031,"10.3275972085283",42,NA,26.143,"3","no",NA,"noLamb","0","1"
340,2019,4,"adult",NA,NA,155,NA,144,62.359,64.685,48.899,"15.7858991553762",NA,NA,NA,"0","no",NA,"noLamb","0","0"
340,2020,5,"adult",NA,NA,173.5,NA,139,64.685,68.948,44.922,"24.0257742757281",NA,NA,NA,"0","yes","no","notWeaned","0","0"
341,2015,3,"adult",NA,157,147.5,NA,137,NA,66.928,49.816,"17.1126481622387",20,NA,20.213,"0","no",NA,"noLamb","0","0"
341,2016,4,"adult",NA,NA,149,NA,123,66.928,77.123,62.018,"15.1044127552278",NA,NA,NA,"0","yes","yes","weaned","0","0"
341,2017,5,"prim","TRUE",147,145.5,NA,141,77.123,81.211,61.698,"19.5132120535116",6,NA,33.502,"3",NA,NA,NA,"0","0"
342,2017,2,"adult",NA,NA,145.5,NA,141,NA,65.872,47.306,"18.5655620803497",NA,NA,NA,"0","yes","yes","weaned","0","0"
342,2018,3,"prim","TRUE",162,152,NA,131,65.872,66.292,56.119,"10.1738205445731",31,NA,27.566,"3",NA,NA,NA,"0","1"
343,2017,2,"adult",NA,NA,145.5,NA,141,NA,NA,NA,NA,NA,NA,NA,"0","no",NA,"noLamb","0","0"
343,2018,3,"adult",NA,NA,152,NA,131,NA,59.555,45.513,"14.0413536533434",NA,NA,NA,"0","no",NA,"noLamb","0","0"
343,2019,4,"adult",NA,NA,155,NA,144,59.555,NA,NA,NA,NA,NA,NA,"0","no",NA,"noLamb","0","0"
343,2020,5,"adult",NA,NA,173.5,NA,139,NA,NA,NA,NA,NA,NA,NA,"0","yes","yes","weaned","0",NA
344,2016,2,"adult",NA,NA,149,NA,123,NA,62.164,49.163,"13.0017482586961",NA,NA,NA,"0","yes","yes","weaned","0","0"
344,2017,3,"prim","TRUE",146,145.5,"202",141,62.164,67.011,51.243,"15.767817302752",5,"71",27.572,"3","yes","yes","weaned","0","0"
344,2019,5,"adult","FALSE",153,155,NA,144,71.733,68.429,60.045,"8.38375618984299",9,NA,27.814,"3","yes","no","neoDeath","0","1"
344,2020,6,"adult","FALSE",NA,173.5,NA,139,68.429,76.699,49.773,"26.9267798611573",NA,NA,NA,"1","yes","yes","weaned","0","0"
345,2015,2,"adult",NA,NA,147.5,NA,137,NA,41.617,25.038,"16.5789793042296",NA,NA,NA,"0","no",NA,"noLamb","0","0"
345,2016,3,"adult",NA,NA,149,NA,123,41.617,58.381,41.427,"16.9540673614979",NA,NA,NA,"0","no",NA,"noLamb","0","0"
345,2017,4,"adult",NA,NA,145.5,NA,141,58.381,70.47,52.987,"17.4836678965598",NA,NA,NA,"0","no",NA,"noLamb","0","0"
345,2018,5,"adult",NA,NA,152,NA,131,70.47,75.593,58.328,"17.2655302467163",NA,NA,NA,"0","no",NA,"noLamb","0","0"
345,2019,6,"adult",NA,NA,155,NA,144,75.593,74.104,58.444,"15.6600493972991",NA,NA,NA,"0","no",NA,"noLamb","0","0"
345,2020,7,"adult",NA,NA,173.5,NA,139,74.104,80.046,52.166,"27.8799009803814",NA,NA,NA,"0","no",NA,"noLamb","0","0"
346,2016,2,"adult",NA,NA,149,NA,123,NA,60.705,43.844,"16.8610270933051",NA,NA,NA,"0","yes","yes","weaned","0","0"
346,2017,3,"prim","TRUE",143,145.5,NA,141,60.705,64.809,47.922,"16.88697605293",2,NA,NA,"3",NA,NA,NA,"0","0"
347,2015,3,"prim","TRUE",NA,147.5,NA,137,NA,58.372,41.343,"17.029445971952",NA,NA,NA,"3","no",NA,"noLamb","0","0"
347,2016,4,"adult",NA,NA,149,NA,123,58.372,64.759,51.795,"12.9644360842933",NA,NA,NA,"0","yes","no","notWeaned","0","0"
347,2017,5,"adult","FALSE",149,145.5,"150",141,64.759,72.78,51.272,"21.5073884241053",8,"19",NA,"2","yes","yes","weaned","0","0"
347,2018,6,"adult","FALSE",150,152,NA,131,72.78,68.392,53.405,"14.9870104623494",19,NA,26.143,"3","no",NA,"noLamb","0","0"
347,2019,7,"adult",NA,NA,155,NA,144,68.392,74.166,51.12,"23.0459006116549",NA,NA,NA,"0","no",NA,"noLamb","0","0"
347,2020,8,"adult",NA,NA,173.5,NA,139,74.166,76.771,50.414,"26.3574992172205",NA,NA,NA,"0","yes","yes","weaned","0","0"
348,2015,2,"adult",NA,NA,147.5,NA,137,NA,53.434,40.928,"12.5054976757224",NA,NA,NA,"0","no",NA,"noLamb","0","0"
348,2016,3,"adult",NA,NA,149,NA,123,53.434,66.053,53.072,"12.9809082078475",NA,NA,NA,"0","yes","yes","weaned","0","0"
348,2017,4,"prim","TRUE",152,145.5,"175",141,66.053,69.874,53.718,"16.1558620915727",11,"44",30.225,"5","yes","yes","weaned","0","0"
348,2018,5,"adult","FALSE",175,152,NA,131,69.874,71.238,57.609,"13.6291340274469",44,NA,20.987,"5","yes","no","neoDeath","0","1"
348,2019,6,"adult","FALSE",NA,155,NA,144,71.238,72.31,55.332,"16.9787736987089",NA,NA,NA,"1",NA,NA,NA,"0","0"
349,2016,2,"adult",NA,NA,149,NA,123,NA,51.036,36.469,"14.5678012269215",NA,NA,NA,"0","no",NA,"noLamb","0","0"
349,2017,3,"adult",NA,NA,145.5,NA,141,51.036,NA,NA,NA,NA,NA,NA,"0",NA,NA,NA,"0","0"
350,2018,2,"adult",NA,NA,152,NA,131,NA,47.038,31.856,"15.1821633698237",NA,NA,NA,"0","no",NA,"noLamb","0","0"
350,2019,3,"adult",NA,NA,155,NA,144,47.038,54.356,37.751,"16.6044041246906",NA,NA,NA,"0",NA,NA,NA,"0","0"
351,2018,2,"adult",NA,NA,152,NA,131,NA,60.029,44.047,"15.9818324752332",NA,NA,NA,"0","no",NA,"noLamb","0","0"
351,2019,3,"adult",NA,NA,155,NA,144,60.029,68.963,50.24,"18.7232286917356",NA,NA,NA,"0",NA,NA,NA,"0","0"
352,2018,2,"adult",NA,NA,152,NA,131,NA,59.654,43.725,"15.929102313085",NA,NA,NA,"0","no",NA,"noLamb","0","0"
352,2019,3,"adult",NA,NA,155,NA,144,59.654,67.539,50.713,"16.82580566896",NA,NA,NA,"0",NA,NA,NA,"0","0"
353,2018,2,"adult",NA,NA,152,NA,131,NA,56.148,40.535,"15.6127162647728",NA,NA,NA,"0","no",NA,"noLamb","0","0"
353,2019,3,"adult",NA,NA,155,NA,144,56.148,64.303,46.767,"17.5364580796245",NA,NA,NA,"0","no",NA,"noLamb","0","0"
353,2020,4,"adult",NA,NA,173.5,NA,139,64.303,71.249,44.495,"26.7541763182787",NA,NA,NA,"0","yes","yes","weaned","0","0"
354,2019,2,"adult",NA,NA,155,NA,144,NA,54.42,37.507,"16.9130879781911",NA,NA,NA,"0",NA,NA,NA,"0","0"
355,2019,2,"adult",NA,NA,155,NA,144,NA,60.754,38.769,"21.9846531186104",NA,NA,NA,"0","no",NA,"noLamb","0","0"
355,2020,3,"adult",NA,NA,173.5,NA,139,60.754,69.618,41.67,"27.9486580488177",NA,NA,NA,"0","yes","yes","weaned","0","0"
356,2019,2,"adult",NA,NA,155,NA,144,NA,63.252,43.179,"20.0729123870682",NA,NA,NA,"0","no",NA,"noLamb","0","0"
356,2020,3,"adult",NA,NA,173.5,NA,139,63.252,72.109,44.656,"27.4529769708972",NA,NA,NA,"0","yes","yes","weaned","0","0"
357,2019,2,"adult",NA,NA,155,NA,144,NA,63.398,44.659,"18.7386144312541",NA,NA,NA,"0","no",NA,"noLamb","0","0"
357,2020,3,"adult",NA,NA,173.5,NA,139,63.398,73.703,45.058,"28.6449338396621",NA,NA,NA,"0","yes","yes","weaned","0","0"
358,2019,2,"adult",NA,NA,155,NA,144,NA,58.919,41.106,"17.8126125780563",NA,NA,NA,"0","no",NA,"noLamb","0","0"
358,2020,3,"adult",NA,NA,173.5,NA,139,58.919,70.972,40.899,"30.0732170466004",NA,NA,NA,"0","yes","no","notWeaned","0","0"
359,2019,2,"adult",NA,NA,155,NA,144,NA,57.99,39.869,"18.1210038297403",NA,NA,NA,"0",NA,NA,NA,"0","0"
360,2019,2,"adult",NA,NA,155,NA,144,NA,58.329,38.945,"19.3839846065445",NA,NA,NA,"0","no",NA,"noLamb","0","0"
360,2020,3,"adult",NA,NA,173.5,NA,139,58.329,69.364,46.104,"23.259532796063",NA,NA,NA,"0","yes","yes","weaned","0","0"
361,2019,2,"adult",NA,NA,155,NA,144,NA,64.022,44.075,"19.9470605938805",NA,NA,NA,"0","no",NA,"noLamb","0","0"
361,2020,3,"adult",NA,NA,173.5,NA,139,64.022,74.163,44.419,"29.7433596968658",NA,NA,NA,"0","yes","yes","weaned","0","0"
362,2020,2,"adult",NA,NA,173.5,NA,139,NA,58.871,31.948,"26.9230988853428",NA,NA,NA,"0","no",NA,"noLamb","0","0"
363,2019,2,"adult",NA,NA,155,NA,144,NA,61.392,43.94,"17.4518259479318",NA,NA,NA,"0","no",NA,"noLamb","0","0"
363,2020,3,"adult",NA,NA,173.5,NA,139,61.392,70.976,45.882,"25.0941798498031",NA,NA,NA,"0","yes","yes","weaned","0","0"
